Matrix (132 positions),,,,,,,,,,,,,,,,,,,,,,,,,,,,,,,,,,,,,,,,,,,,,,,,,,,,,,,,,,,,,,,,,,,,,,,,,,,,,,,,,,,,,,,,,,,,,,,,,,,,,,,,,,,,,,,,,,,,,,,,,,,,,,,,,,,,,,,,,,,,,,,,,,,,,,,,,,,,,,,,,,,,,,,,,,,,,,,,,,,,,,,,,,,,,,,,,,,,,,,,,,,,,,,,,,,,,,,,,,,,,,,,,,,,,,,,,,,,,,,,,,,,,,,,,,,,,,,,,,,,,,,,,,,,,,,,,,,,,,,,,,,,,,,,,,,,,,,,,,,,,,,,,,,,,,,,,,,,,,,,,,,,,,,,,,,,,,,,,,,,,,,,,,,,,,,,,,,,,,,,,,,,,,,,,,,,,,,,,,,,,,,,,,,,,,,,,,,,,,,,,,,,,,,,,,,,,,,,,,,,,,,,,,,,,,,,,,,,,,,,,,,,,,,,,,,,,,,,,,,,,,,,,,,,,,,,,,,,,,,,,,,,,,,,,,,,,,,,,,,,,,,,,,,,,,,,,,,,,,,,,,,,,,,,,,,,,,,,,,,,,,,,,,,,,,,,,,,,,,,
Pos1,Pos2,Pos3,Pos4,Pos5,Pos6,Pos7,Pos8,Pos9,Pos10,Pos11,Pos12,Pos13,Pos14,Pos15,Pos16,Pos17,Pos18,Pos19,Pos20,Pos21,Pos22,Pos23,Pos24,Pos25,Pos26,Pos27,Pos28,Pos29,Pos30,Pos31,Pos32,Pos33,Pos34,Pos35,Pos36,Pos37,Pos38,Pos39,Pos40,Pos41,Pos42,Pos43,Pos44,Pos45,Pos46,Pos47,Pos48,Pos49,Pos50,Pos51,Pos52,Pos53,Pos54,Pos55,Pos56,Pos57,Pos58,Pos59,Pos60,Pos61,Pos62,Pos63,Pos64,Pos65,Pos66,Pos67,Pos68,Pos69,Pos70,Pos71,Pos72,Pos73,Pos74,Pos75,Pos76,Pos77,Pos78,Pos79,Pos80,Pos81,Pos82,Pos83,Pos84,Pos85,Pos86,Pos87,Pos88,Pos89,Pos90,Pos91,Pos92,Pos93,Pos94,Pos95,Pos96,Pos97,Pos98,Pos99,Pos100,Pos101,Pos102,Pos103,Pos104,Pos105,Pos106,Pos107,Pos108,Pos109,Pos110,Pos111,Pos112,Pos113,Pos114,Pos115,Pos116,Pos117,Pos118,Pos119,Pos120,Pos121,Pos122,Pos123,Pos124,Pos125,Pos126,Pos127,Pos128,Pos129,Pos130,Pos131,Pos132,,,,,,,,,,,,,,,,,,,,,,,,,,,,,,,,,,,,,,,,,,,,,,,,,,,,,,,,,,,,,,,,,,,,,,,,,,,,,,,,,,,,,,,,,,,,,,,,,,,,,,,,,,,,,,,,,,,,,,,,,,,,,,,,,,,,,,,,,,,,,,,,,,,,,,,,,,,,,,,,,,,,,,,,,,,,,,,,,,,,,,,,,,,,,,,,,,,,,,,,,,,,,,,,,,,,,,,,,,,,,,,,,,,,,,,,,,,,,,,,,,,,,,,,,,,,,,,,,,,,,,,,,,,,,,,,,,,,,,,,,,,,,,,,,,,,,,,,,,,,,,,,,,,,,,,,,,,,,,,,,,,,,,,,,,,,,,,,,,,,,,,,,,,,,,,,,,,,,,,,,,,,,,,,,,,,,,,,,,,,,,,,,,,,,,,,,,,,,,,,,,,,,,,,,,,,,,,,,,,,,,,,,,,,
0.779,0.776,0.741,0.703,0.674,0.628,0.529,0.45,0.439,0.417,0.409,0.373,0.37,0.374,0.366,0.352,0.354,0.355,0.367,0.361,0.357,0.362,0.37,0.378,0.358,0.335,0.326,0.326,0.331,0.316,0.306,0.304,0.281,0.262,0.245,0.24,0.236,0.242,0.241,0.256,0.253,0.258,0.25,0.255,0.262,0.262,0.259,0.255,0.248,0.242,0.238,0.24,0.232,0.233,0.227,0.225,0.232,0.23,0.225,0.226,0.237,0.259,0.246,0.26,0.262,0.261,0.271,0.291,0.266,0.258,0.257,0.265,0.286,0.275,0.272,0.267,0.258,0.244,0.235,0.235,0.23,0.235,0.231,0.234,0.237,0.23,0.238,0.239,0.255,0.27,0.266,0.286,0.304,0.327,0.328,0.35,0.364,0.362,0.383,0.655,0.741,0.712,0.729,0.734,0.745,0.75,0.773,0.793,0.796,0.812,0.808,0.826,0.833,0.839,0.847,0.846,0.846,0.852,0.85,0.85,0.858,0.866,0.861,0.862,0.869,0.864,0.866,0.87,0.871,0.871,0.877,0.872,,,,,,,,,,,,,,,,,,,,,,,,,,,,,,,,,,,,,,,,,,,,,,,,,,,,,,,,,,,,,,,,,,,,,,,,,,,,,,,,,,,,,,,,,,,,,,,,,,,,,,,,,,,,,,,,,,,,,,,,,,,,,,,,,,,,,,,,,,,,,,,,,,,,,,,,,,,,,,,,,,,,,,,,,,,,,,,,,,,,,,,,,,,,,,,,,,,,,,,,,,,,,,,,,,,,,,,,,,,,,,,,,,,,,,,,,,,,,,,,,,,,,,,,,,,,,,,,,,,,,,,,,,,,,,,,,,,,,,,,,,,,,,,,,,,,,,,,,,,,,,,,,,,,,,,,,,,,,,,,,,,,,,,,,,,,,,,,,,,,,,,,,,,,,,,,,,,,,,,,,,,,,,,,,,,,,,,,,,,,,,,,,,,,,,,,,,,,,,,,,,,,,,,,,,,,,,,,,,,,,,,,,,,,
,,,,,,,,,,,,,,,,,,,,,,,,,,,,,,,,,,,,,,,,,,,,,,,,,,,,,,,,,,,,,,,,,,,,,,,,,,,,,,,,,,,,,,,,,,,,,,,,,,,,,,,,,,,,,,,,,,,,,,,,,,,,,,,,,,,,,,,,,,,,,,,,,,,,,,,,,,,,,,,,,,,,,,,,,,,,,,,,,,,,,,,,,,,,,,,,,,,,,,,,,,,,,,,,,,,,,,,,,,,,,,,,,,,,,,,,,,,,,,,,,,,,,,,,,,,,,,,,,,,,,,,,,,,,,,,,,,,,,,,,,,,,,,,,,,,,,,,,,,,,,,,,,,,,,,,,,,,,,,,,,,,,,,,,,,,,,,,,,,,,,,,,,,,,,,,,,,,,,,,,,,,,,,,,,,,,,,,,,,,,,,,,,,,,,,,,,,,,,,,,,,,,,,,,,,,,,,,,,,,,,,,,,,,,,,,,,,,,,,,,,,,,,,,,,,,,,,,,,,,,,,,,,,,,,,,,,,,,,,,,,,,,,,,,,,,,,,,,,,,,,,,,,,,,,,,,,,,,,,,,,,,,,,,,,,,,,,,,,,,,,,,,,,,,,,,,,,,,,,,
Capsid (231 positions),,,,,,,,,,,,,,,,,,,,,,,,,,,,,,,,,,,,,,,,,,,,,,,,,,,,,,,,,,,,,,,,,,,,,,,,,,,,,,,,,,,,,,,,,,,,,,,,,,,,,,,,,,,,,,,,,,,,,,,,,,,,,,,,,,,,,,,,,,,,,,,,,,,,,,,,,,,,,,,,,,,,,,,,,,,,,,,,,,,,,,,,,,,,,,,,,,,,,,,,,,,,,,,,,,,,,,,,,,,,,,,,,,,,,,,,,,,,,,,,,,,,,,,,,,,,,,,,,,,,,,,,,,,,,,,,,,,,,,,,,,,,,,,,,,,,,,,,,,,,,,,,,,,,,,,,,,,,,,,,,,,,,,,,,,,,,,,,,,,,,,,,,,,,,,,,,,,,,,,,,,,,,,,,,,,,,,,,,,,,,,,,,,,,,,,,,,,,,,,,,,,,,,,,,,,,,,,,,,,,,,,,,,,,,,,,,,,,,,,,,,,,,,,,,,,,,,,,,,,,,,,,,,,,,,,,,,,,,,,,,,,,,,,,,,,,,,,,,,,,,,,,,,,,,,,,,,,,,,,,,,,,,,,,,,,,,,,,,,,,,,,,,,,,,,,,,,,,,,,
Pos1,Pos2,Pos3,Pos4,Pos5,Pos6,Pos7,Pos8,Pos9,Pos10,Pos11,Pos12,Pos13,Pos14,Pos15,Pos16,Pos17,Pos18,Pos19,Pos20,Pos21,Pos22,Pos23,Pos24,Pos25,Pos26,Pos27,Pos28,Pos29,Pos30,Pos31,Pos32,Pos33,Pos34,Pos35,Pos36,Pos37,Pos38,Pos39,Pos40,Pos41,Pos42,Pos43,Pos44,Pos45,Pos46,Pos47,Pos48,Pos49,Pos50,Pos51,Pos52,Pos53,Pos54,Pos55,Pos56,Pos57,Pos58,Pos59,Pos60,Pos61,Pos62,Pos63,Pos64,Pos65,Pos66,Pos67,Pos68,Pos69,Pos70,Pos71,Pos72,Pos73,Pos74,Pos75,Pos76,Pos77,Pos78,Pos79,Pos80,Pos81,Pos82,Pos83,Pos84,Pos85,Pos86,Pos87,Pos88,Pos89,Pos90,Pos91,Pos92,Pos93,Pos94,Pos95,Pos96,Pos97,Pos98,Pos99,Pos100,Pos101,Pos102,Pos103,Pos104,Pos105,Pos106,Pos107,Pos108,Pos109,Pos110,Pos111,Pos112,Pos113,Pos114,Pos115,Pos116,Pos117,Pos118,Pos119,Pos120,Pos121,Pos122,Pos123,Pos124,Pos125,Pos126,Pos127,Pos128,Pos129,Pos130,Pos131,Pos132,Pos133,Pos134,Pos135,Pos136,Pos137,Pos138,Pos139,Pos140,Pos141,Pos142,Pos143,Pos144,Pos145,Pos146,Pos147,Pos148,Pos149,Pos150,Pos151,Pos152,Pos153,Pos154,Pos155,Pos156,Pos157,Pos158,Pos159,Pos160,Pos161,Pos162,Pos163,Pos164,Pos165,Pos166,Pos167,Pos168,Pos169,Pos170,Pos171,Pos172,Pos173,Pos174,Pos175,Pos176,Pos177,Pos178,Pos179,Pos180,Pos181,Pos182,Pos183,Pos184,Pos185,Pos186,Pos187,Pos188,Pos189,Pos190,Pos191,Pos192,Pos193,Pos194,Pos195,Pos196,Pos197,Pos198,Pos199,Pos200,Pos201,Pos202,Pos203,Pos204,Pos205,Pos206,Pos207,Pos208,Pos209,Pos210,Pos211,Pos212,Pos213,Pos214,Pos215,Pos216,Pos217,Pos218,Pos219,Pos220,Pos221,Pos222,Pos223,Pos224,Pos225,Pos226,Pos227,Pos228,Pos229,Pos230,Pos231,,,,,,,,,,,,,,,,,,,,,,,,,,,,,,,,,,,,,,,,,,,,,,,,,,,,,,,,,,,,,,,,,,,,,,,,,,,,,,,,,,,,,,,,,,,,,,,,,,,,,,,,,,,,,,,,,,,,,,,,,,,,,,,,,,,,,,,,,,,,,,,,,,,,,,,,,,,,,,,,,,,,,,,,,,,,,,,,,,,,,,,,,,,,,,,,,,,,,,,,,,,,,,,,,,,,,,,,,,,,,,,,,,,,,,,,,,,,,,,,,,,,,,,,,,,,,,,,,,,,,,,,,,,,,,,,,,,,,,,,,,,,,,,,,,,,,,,,,,,,,,,,,,,,,,,,,,,,,,,,,,,,,,,,,
0.691,0.671,0.665,0.661,0.639,0.612,0.609,0.441,0.382,0.371,0.356,0.341,0.328,0.333,0.311,0.287,0.281,0.273,0.249,0.233,0.221,0.218,0.208,0.209,0.214,0.229,0.236,0.233,0.244,0.256,0.261,0.243,0.243,0.265,0.26,0.259,0.264,0.261,0.276,0.283,0.289,0.277,0.282,0.308,0.302,0.31,0.302,0.299,0.29,0.285,0.284,0.286,0.283,0.267,0.258,0.263,0.261,0.268,0.281,0.286,0.288,0.285,0.297,0.296,0.301,0.309,0.294,0.314,0.327,0.315,0.338,0.344,0.343,0.341,0.343,0.342,0.355,0.358,0.341,0.337,0.359,0.353,0.371,0.363,0.375,0.407,0.417,0.405,0.623,0.648,0.682,0.692,0.688,0.72,0.715,0.708,0.703,0.699,0.695,0.703,0.686,0.692,0.689,0.407,0.39,0.381,0.376,0.358,0.383,0.357,0.331,0.318,0.318,0.324,0.341,0.325,0.327,0.314,0.309,0.301,0.29,0.281,0.271,0.242,0.214,0.192,0.172,0.16,0.144,0.13,0.126,0.124,0.113,0.109,0.112,0.115,0.116,0.12,0.125,0.138,0.149,0.152,0.163,0.18,0.194,0.213,0.237,0.257,0.278,0.287,0.312,0.317,0.326,0.328,0.332,0.365,0.327,0.331,0.293,0.285,0.277,0.288,0.263,0.258,0.248,0.243,0.244,0.242,0.252,0.263,0.278,0.286,0.307,0.327,0.35,0.361,0.359,0.365,0.372,0.373,0.358,0.338,0.339,0.292,0.27,0.259,0.268,0.29,0.273,0.268,0.27,0.28,0.285,0.292,0.306,0.305,0.287,0.28,0.282,0.279,0.29,0.288,0.294,0.297,0.307,0.32,0.322,0.327,0.342,0.333,0.365,0.374,0.367,0.364,0.371,0.349,0.372,0.399,0.401,0.433,0.472,0.637,0.674,0.69,0.711,0.688,0.704,0.725,0.73,0.752,0.769,,,,,,,,,,,,,,,,,,,,,,,,,,,,,,,,,,,,,,,,,,,,,,,,,,,,,,,,,,,,,,,,,,,,,,,,,,,,,,,,,,,,,,,,,,,,,,,,,,,,,,,,,,,,,,,,,,,,,,,,,,,,,,,,,,,,,,,,,,,,,,,,,,,,,,,,,,,,,,,,,,,,,,,,,,,,,,,,,,,,,,,,,,,,,,,,,,,,,,,,,,,,,,,,,,,,,,,,,,,,,,,,,,,,,,,,,,,,,,,,,,,,,,,,,,,,,,,,,,,,,,,,,,,,,,,,,,,,,,,,,,,,,,,,,,,,,,,,,,,,,,,,,,,,,,,,,,,,,,,,,,,,,,,,,
,,,,,,,,,,,,,,,,,,,,,,,,,,,,,,,,,,,,,,,,,,,,,,,,,,,,,,,,,,,,,,,,,,,,,,,,,,,,,,,,,,,,,,,,,,,,,,,,,,,,,,,,,,,,,,,,,,,,,,,,,,,,,,,,,,,,,,,,,,,,,,,,,,,,,,,,,,,,,,,,,,,,,,,,,,,,,,,,,,,,,,,,,,,,,,,,,,,,,,,,,,,,,,,,,,,,,,,,,,,,,,,,,,,,,,,,,,,,,,,,,,,,,,,,,,,,,,,,,,,,,,,,,,,,,,,,,,,,,,,,,,,,,,,,,,,,,,,,,,,,,,,,,,,,,,,,,,,,,,,,,,,,,,,,,,,,,,,,,,,,,,,,,,,,,,,,,,,,,,,,,,,,,,,,,,,,,,,,,,,,,,,,,,,,,,,,,,,,,,,,,,,,,,,,,,,,,,,,,,,,,,,,,,,,,,,,,,,,,,,,,,,,,,,,,,,,,,,,,,,,,,,,,,,,,,,,,,,,,,,,,,,,,,,,,,,,,,,,,,,,,,,,,,,,,,,,,,,,,,,,,,,,,,,,,,,,,,,,,,,,,,,,,,,,,,,,,,,,,,,
p2 (14 positions),,,,,,,,,,,,,,,,,,,,,,,,,,,,,,,,,,,,,,,,,,,,,,,,,,,,,,,,,,,,,,,,,,,,,,,,,,,,,,,,,,,,,,,,,,,,,,,,,,,,,,,,,,,,,,,,,,,,,,,,,,,,,,,,,,,,,,,,,,,,,,,,,,,,,,,,,,,,,,,,,,,,,,,,,,,,,,,,,,,,,,,,,,,,,,,,,,,,,,,,,,,,,,,,,,,,,,,,,,,,,,,,,,,,,,,,,,,,,,,,,,,,,,,,,,,,,,,,,,,,,,,,,,,,,,,,,,,,,,,,,,,,,,,,,,,,,,,,,,,,,,,,,,,,,,,,,,,,,,,,,,,,,,,,,,,,,,,,,,,,,,,,,,,,,,,,,,,,,,,,,,,,,,,,,,,,,,,,,,,,,,,,,,,,,,,,,,,,,,,,,,,,,,,,,,,,,,,,,,,,,,,,,,,,,,,,,,,,,,,,,,,,,,,,,,,,,,,,,,,,,,,,,,,,,,,,,,,,,,,,,,,,,,,,,,,,,,,,,,,,,,,,,,,,,,,,,,,,,,,,,,,,,,,,,,,,,,,,,,,,,,,,,,,,,,,,,,,,,,,
,,,,,,,,,,,,,,,,,,,,,,,,,,,,,,,,,,,,,,,,,,,,,,,,,,,,,,,,,,,,,,,,,,,,,,,,,,,,,,,,,,,,,,,,,,,,,,,,,,,,,,,,,,,,,,,,,,,,,,,,,,,,,,,,,,,,,,,,,,,,,,,,,,,,,,,,,,,,,,,,,,,,,,,,,,,,,,,,,,,,,,,,,,,,,,,,,,,,,,,,,,,,,,,,,,,,,,,,,,,,,,,,,,,,,,,,,,,,,,,,,,,,,,,,,,,,,,,,,,,,,,,,,,,,,,,,,,,,,,,,,,,,,,,,,,,,,,,,,,,,,,,,,,,,,,,,,,,,,,,,,,,,,,,,,,,,,,,,,,,,,,,,,,,,,,,,,,,,,,,,,,,,,,,,,,,,,,,,,,,,,,,,,,,,,,,,,,,,,,,,,,,,,,,,,,,,,,,,,,,,,,,,,,,,,,,,,,,,,,,,,,,,,,,,,,,,,,,,,,,,,,,,,,,,,,,,,,,,,,,,,,,,,,,,,,,,,,,,,,,,,,,,,,,,,,,,,,,,,,,,,,,,,,,,,,,,,,,,,,,,,,,,,,,,,,,,,,,,,,,
,,,,,,,,,,,,,,,,,,,,,,,,,,,,,,,,,,,,,,,,,,,,,,,,,,,,,,,,,,,,,,,,,,,,,,,,,,,,,,,,,,,,,,,,,,,,,,,,,,,,,,,,,,,,,,,,,,,,,,,,,,,,,,,,,,,,,,,,,,,,,,,,,,,,,,,,,,,,,,,,,,,,,,,,,,,,,,,,,,,,,,,,,,,,,,,,,,,,,,,,,,,,,,,,,,,,,,,,,,,,,,,,,,,,,,,,,,,,,,,,,,,,,,,,,,,,,,,,,,,,,,,,,,,,,,,,,,,,,,,,,,,,,,,,,,,,,,,,,,,,,,,,,,,,,,,,,,,,,,,,,,,,,,,,,,,,,,,,,,,,,,,,,,,,,,,,,,,,,,,,,,,,,,,,,,,,,,,,,,,,,,,,,,,,,,,,,,,,,,,,,,,,,,,,,,,,,,,,,,,,,,,,,,,,,,,,,,,,,,,,,,,,,,,,,,,,,,,,,,,,,,,,,,,,,,,,,,,,,,,,,,,,,,,,,,,,,,,,,,,,,,,,,,,,,,,,,,,,,,,,,,,,,,,,,,,,,,,,,,,,,,,,,,,,,,,,,,,,,,,
,,,,,,,,,,,,,,,,,,,,,,,,,,,,,,,,,,,,,,,,,,,,,,,,,,,,,,,,,,,,,,,,,,,,,,,,,,,,,,,,,,,,,,,,,,,,,,,,,,,,,,,,,,,,,,,,,,,,,,,,,,,,,,,,,,,,,,,,,,,,,,,,,,,,,,,,,,,,,,,,,,,,,,,,,,,,,,,,,,,,,,,,,,,,,,,,,,,,,,,,,,,,,,,,,,,,,,,,,,,,,,,,,,,,,,,,,,,,,,,,,,,,,,,,,,,,,,,,,,,,,,,,,,,,,,,,,,,,,,,,,,,,,,,,,,,,,,,,,,,,,,,,,,,,,,,,,,,,,,,,,,,,,,,,,,,,,,,,,,,,,,,,,,,,,,,,,,,,,,,,,,,,,,,,,,,,,,,,,,,,,,,,,,,,,,,,,,,,,,,,,,,,,,,,,,,,,,,,,,,,,,,,,,,,,,,,,,,,,,,,,,,,,,,,,,,,,,,,,,,,,,,,,,,,,,,,,,,,,,,,,,,,,,,,,,,,,,,,,,,,,,,,,,,,,,,,,,,,,,,,,,,,,,,,,,,,,,,,,,,,,,,,,,,,,,,,,,,,,,,
Nucleocapsid (55 positions),,,,,,,,,,,,,,,,,,,,,,,,,,,,,,,,,,,,,,,,,,,,,,,,,,,,,,,,,,,,,,,,,,,,,,,,,,,,,,,,,,,,,,,,,,,,,,,,,,,,,,,,,,,,,,,,,,,,,,,,,,,,,,,,,,,,,,,,,,,,,,,,,,,,,,,,,,,,,,,,,,,,,,,,,,,,,,,,,,,,,,,,,,,,,,,,,,,,,,,,,,,,,,,,,,,,,,,,,,,,,,,,,,,,,,,,,,,,,,,,,,,,,,,,,,,,,,,,,,,,,,,,,,,,,,,,,,,,,,,,,,,,,,,,,,,,,,,,,,,,,,,,,,,,,,,,,,,,,,,,,,,,,,,,,,,,,,,,,,,,,,,,,,,,,,,,,,,,,,,,,,,,,,,,,,,,,,,,,,,,,,,,,,,,,,,,,,,,,,,,,,,,,,,,,,,,,,,,,,,,,,,,,,,,,,,,,,,,,,,,,,,,,,,,,,,,,,,,,,,,,,,,,,,,,,,,,,,,,,,,,,,,,,,,,,,,,,,,,,,,,,,,,,,,,,,,,,,,,,,,,,,,,,,,,,,,,,,,,,,,,,,,,,,,,,,,,,,,,,,
Pos1,Pos2,Pos3,Pos4,Pos5,Pos6,Pos7,Pos8,Pos9,Pos10,Pos11,Pos12,Pos13,Pos14,Pos15,Pos16,Pos17,Pos18,Pos19,Pos20,Pos21,Pos22,Pos23,Pos24,Pos25,Pos26,Pos27,Pos28,Pos29,Pos30,Pos31,Pos32,Pos33,Pos34,Pos35,Pos36,Pos37,Pos38,Pos39,Pos40,Pos41,Pos42,Pos43,Pos44,Pos45,Pos46,Pos47,Pos48,Pos49,Pos50,Pos51,Pos52,Pos53,Pos54,Pos55,Pos56,Pos57,Pos58,Pos59,Pos60,Pos61,Pos62,Pos63,Pos64,Pos65,Pos66,Pos67,Pos68,Pos69,Pos70,Pos71,Pos72,Pos73,Pos74,Pos75,Pos76,Pos77,Pos78,Pos79,Pos80,Pos81,Pos82,Pos83,Pos84,Pos85,Pos86,Pos87,Pos88,Pos89,Pos90,Pos91,Pos92,Pos93,Pos94,Pos95,Pos96,Pos97,Pos98,Pos99,,,,,,,,,,,,,,,,,,,,,,,,,,,,,,,,,,,,,,,,,,,,,,,,,,,,,,,,,,,,,,,,,,,,,,,,,,,,,,,,,,,,,,,,,,,,,,,,,,,,,,,,,,,,,,,,,,,,,,,,,,,,,,,,,,,,,,,,,,,,,,,,,,,,,,,,,,,,,,,,,,,,,,,,,,,,,,,,,,,,,,,,,,,,,,,,,,,,,,,,,,,,,,,,,,,,,,,,,,,,,,,,,,,,,,,,,,,,,,,,,,,,,,,,,,,,,,,,,,,,,,,,,,,,,,,,,,,,,,,,,,,,,,,,,,,,,,,,,,,,,,,,,,,,,,,,,,,,,,,,,,,,,,,,,,,,,,,,,,,,,,,,,,,,,,,,,,,,,,,,,,,,,,,,,,,,,,,,,,,,,,,,,,,,,,,,,,,,,,,,,,,,,,,,,,,,,,,,,,,,,,,,,,,,,,,,,,,,,,,,,,,,,,,,,,,,,,,,,,,,,
0.829,0.814,0.8,0.67,0.662,0.647,0.63,0.607,0.572,0.561,0.463,0.4,0.308,0.3,0.267,0.258,0.252,0.251,0.252,0.26,0.235,0.251,0.248,0.244,0.241,0.25,0.25,0.246,0.352,0.568,0.36,0.455,0.565,0.347,0.354,0.292,0.287,0.283,0.3,0.361,0.576,0.579,0.591,0.579,0.583,0.557,0.569,0.575,0.592,0.6,0.617,0.622,0.627,0.653,0.669,0.024,0.021,0.024,0.023,0.024,0.026,0.026,0.025,0.027,0.029,0.028,0.029,0.029,0.034,0.038,0.035,0.035,0.035,0.029,0.036,0.032,0.036,0.037,0.041,0.035,0.04,0.039,0.038,0.036,0.035,0.035,0.042,0.042,0.043,0.042,0.043,0.046,0.048,0.051,0.055,0.063,0.062,0.064,0.06,,,,,,,,,,,,,,,,,,,,,,,,,,,,,,,,,,,,,,,,,,,,,,,,,,,,,,,,,,,,,,,,,,,,,,,,,,,,,,,,,,,,,,,,,,,,,,,,,,,,,,,,,,,,,,,,,,,,,,,,,,,,,,,,,,,,,,,,,,,,,,,,,,,,,,,,,,,,,,,,,,,,,,,,,,,,,,,,,,,,,,,,,,,,,,,,,,,,,,,,,,,,,,,,,,,,,,,,,,,,,,,,,,,,,,,,,,,,,,,,,,,,,,,,,,,,,,,,,,,,,,,,,,,,,,,,,,,,,,,,,,,,,,,,,,,,,,,,,,,,,,,,,,,,,,,,,,,,,,,,,,,,,,,,,,,,,,,,,,,,,,,,,,,,,,,,,,,,,,,,,,,,,,,,,,,,,,,,,,,,,,,,,,,,,,,,,,,,,,,,,,,,,,,,,,,,,,,,,,,,,,,,,,,,,,,,,,,,,,,,,,,,,,,,,,,,,,,,,,,,,
,,,,,,,,,,,,,,,,,,,,,,,,,,,,,,,,,,,,,,,,,,,,,,,,,,,,,,,,,,,,,,,,,,,,,,,,,,,,,,,,,,,,,,,,,,,,,,,,,,,,,,,,,,,,,,,,,,,,,,,,,,,,,,,,,,,,,,,,,,,,,,,,,,,,,,,,,,,,,,,,,,,,,,,,,,,,,,,,,,,,,,,,,,,,,,,,,,,,,,,,,,,,,,,,,,,,,,,,,,,,,,,,,,,,,,,,,,,,,,,,,,,,,,,,,,,,,,,,,,,,,,,,,,,,,,,,,,,,,,,,,,,,,,,,,,,,,,,,,,,,,,,,,,,,,,,,,,,,,,,,,,,,,,,,,,,,,,,,,,,,,,,,,,,,,,,,,,,,,,,,,,,,,,,,,,,,,,,,,,,,,,,,,,,,,,,,,,,,,,,,,,,,,,,,,,,,,,,,,,,,,,,,,,,,,,,,,,,,,,,,,,,,,,,,,,,,,,,,,,,,,,,,,,,,,,,,,,,,,,,,,,,,,,,,,,,,,,,,,,,,,,,,,,,,,,,,,,,,,,,,,,,,,,,,,,,,,,,,,,,,,,,,,,,,,,,,,,,,,,,
p1 (16 positions),,,,,,,,,,,,,,,,,,,,,,,,,,,,,,,,,,,,,,,,,,,,,,,,,,,,,,,,,,,,,,,,,,,,,,,,,,,,,,,,,,,,,,,,,,,,,,,,,,,,,,,,,,,,,,,,,,,,,,,,,,,,,,,,,,,,,,,,,,,,,,,,,,,,,,,,,,,,,,,,,,,,,,,,,,,,,,,,,,,,,,,,,,,,,,,,,,,,,,,,,,,,,,,,,,,,,,,,,,,,,,,,,,,,,,,,,,,,,,,,,,,,,,,,,,,,,,,,,,,,,,,,,,,,,,,,,,,,,,,,,,,,,,,,,,,,,,,,,,,,,,,,,,,,,,,,,,,,,,,,,,,,,,,,,,,,,,,,,,,,,,,,,,,,,,,,,,,,,,,,,,,,,,,,,,,,,,,,,,,,,,,,,,,,,,,,,,,,,,,,,,,,,,,,,,,,,,,,,,,,,,,,,,,,,,,,,,,,,,,,,,,,,,,,,,,,,,,,,,,,,,,,,,,,,,,,,,,,,,,,,,,,,,,,,,,,,,,,,,,,,,,,,,,,,,,,,,,,,,,,,,,,,,,,,,,,,,,,,,,,,,,,,,,,,,,,,,,,,,,
,,,,,,,,,,,,,,,,,,,,,,,,,,,,,,,,,,,,,,,,,,,,,,,,,,,,,,,,,,,,,,,,,,,,,,,,,,,,,,,,,,,,,,,,,,,,,,,,,,,,,,,,,,,,,,,,,,,,,,,,,,,,,,,,,,,,,,,,,,,,,,,,,,,,,,,,,,,,,,,,,,,,,,,,,,,,,,,,,,,,,,,,,,,,,,,,,,,,,,,,,,,,,,,,,,,,,,,,,,,,,,,,,,,,,,,,,,,,,,,,,,,,,,,,,,,,,,,,,,,,,,,,,,,,,,,,,,,,,,,,,,,,,,,,,,,,,,,,,,,,,,,,,,,,,,,,,,,,,,,,,,,,,,,,,,,,,,,,,,,,,,,,,,,,,,,,,,,,,,,,,,,,,,,,,,,,,,,,,,,,,,,,,,,,,,,,,,,,,,,,,,,,,,,,,,,,,,,,,,,,,,,,,,,,,,,,,,,,,,,,,,,,,,,,,,,,,,,,,,,,,,,,,,,,,,,,,,,,,,,,,,,,,,,,,,,,,,,,,,,,,,,,,,,,,,,,,,,,,,,,,,,,,,,,,,,,,,,,,,,,,,,,,,,,,,,,,,,,,,,
,,,,,,,,,,,,,,,,,,,,,,,,,,,,,,,,,,,,,,,,,,,,,,,,,,,,,,,,,,,,,,,,,,,,,,,,,,,,,,,,,,,,,,,,,,,,,,,,,,,,,,,,,,,,,,,,,,,,,,,,,,,,,,,,,,,,,,,,,,,,,,,,,,,,,,,,,,,,,,,,,,,,,,,,,,,,,,,,,,,,,,,,,,,,,,,,,,,,,,,,,,,,,,,,,,,,,,,,,,,,,,,,,,,,,,,,,,,,,,,,,,,,,,,,,,,,,,,,,,,,,,,,,,,,,,,,,,,,,,,,,,,,,,,,,,,,,,,,,,,,,,,,,,,,,,,,,,,,,,,,,,,,,,,,,,,,,,,,,,,,,,,,,,,,,,,,,,,,,,,,,,,,,,,,,,,,,,,,,,,,,,,,,,,,,,,,,,,,,,,,,,,,,,,,,,,,,,,,,,,,,,,,,,,,,,,,,,,,,,,,,,,,,,,,,,,,,,,,,,,,,,,,,,,,,,,,,,,,,,,,,,,,,,,,,,,,,,,,,,,,,,,,,,,,,,,,,,,,,,,,,,,,,,,,,,,,,,,,,,,,,,,,,,,,,,,,,,,,,,,
,,,,,,,,,,,,,,,,,,,,,,,,,,,,,,,,,,,,,,,,,,,,,,,,,,,,,,,,,,,,,,,,,,,,,,,,,,,,,,,,,,,,,,,,,,,,,,,,,,,,,,,,,,,,,,,,,,,,,,,,,,,,,,,,,,,,,,,,,,,,,,,,,,,,,,,,,,,,,,,,,,,,,,,,,,,,,,,,,,,,,,,,,,,,,,,,,,,,,,,,,,,,,,,,,,,,,,,,,,,,,,,,,,,,,,,,,,,,,,,,,,,,,,,,,,,,,,,,,,,,,,,,,,,,,,,,,,,,,,,,,,,,,,,,,,,,,,,,,,,,,,,,,,,,,,,,,,,,,,,,,,,,,,,,,,,,,,,,,,,,,,,,,,,,,,,,,,,,,,,,,,,,,,,,,,,,,,,,,,,,,,,,,,,,,,,,,,,,,,,,,,,,,,,,,,,,,,,,,,,,,,,,,,,,,,,,,,,,,,,,,,,,,,,,,,,,,,,,,,,,,,,,,,,,,,,,,,,,,,,,,,,,,,,,,,,,,,,,,,,,,,,,,,,,,,,,,,,,,,,,,,,,,,,,,,,,,,,,,,,,,,,,,,,,,,,,,,,,,,,
p6 (52 positions),,,,,,,,,,,,,,,,,,,,,,,,,,,,,,,,,,,,,,,,,,,,,,,,,,,,,,,,,,,,,,,,,,,,,,,,,,,,,,,,,,,,,,,,,,,,,,,,,,,,,,,,,,,,,,,,,,,,,,,,,,,,,,,,,,,,,,,,,,,,,,,,,,,,,,,,,,,,,,,,,,,,,,,,,,,,,,,,,,,,,,,,,,,,,,,,,,,,,,,,,,,,,,,,,,,,,,,,,,,,,,,,,,,,,,,,,,,,,,,,,,,,,,,,,,,,,,,,,,,,,,,,,,,,,,,,,,,,,,,,,,,,,,,,,,,,,,,,,,,,,,,,,,,,,,,,,,,,,,,,,,,,,,,,,,,,,,,,,,,,,,,,,,,,,,,,,,,,,,,,,,,,,,,,,,,,,,,,,,,,,,,,,,,,,,,,,,,,,,,,,,,,,,,,,,,,,,,,,,,,,,,,,,,,,,,,,,,,,,,,,,,,,,,,,,,,,,,,,,,,,,,,,,,,,,,,,,,,,,,,,,,,,,,,,,,,,,,,,,,,,,,,,,,,,,,,,,,,,,,,,,,,,,,,,,,,,,,,,,,,,,,,,,,,,,,,,,,,,,,
Pos1,Pos2,Pos3,Pos4,Pos5,Pos6,Pos7,Pos8,Pos9,Pos10,Pos11,Pos12,Pos13,Pos14,Pos15,Pos16,Pos17,Pos18,Pos19,Pos20,Pos21,Pos22,Pos23,Pos24,Pos25,Pos26,Pos27,Pos28,Pos29,Pos30,Pos31,Pos32,Pos33,Pos34,Pos35,Pos36,Pos37,Pos38,Pos39,Pos40,Pos41,Pos42,Pos43,Pos44,Pos45,Pos46,Pos47,Pos48,Pos49,Pos50,Pos51,Pos52,,,,,,,,,,,,,,,,,,,,,,,,,,,,,,,,,,,,,,,,,,,,,,,,,,,,,,,,,,,,,,,,,,,,,,,,,,,,,,,,,,,,,,,,,,,,,,,,,,,,,,,,,,,,,,,,,,,,,,,,,,,,,,,,,,,,,,,,,,,,,,,,,,,,,,,,,,,,,,,,,,,,,,,,,,,,,,,,,,,,,,,,,,,,,,,,,,,,,,,,,,,,,,,,,,,,,,,,,,,,,,,,,,,,,,,,,,,,,,,,,,,,,,,,,,,,,,,,,,,,,,,,,,,,,,,,,,,,,,,,,,,,,,,,,,,,,,,,,,,,,,,,,,,,,,,,,,,,,,,,,,,,,,,,,,,,,,,,,,,,,,,,,,,,,,,,,,,,,,,,,,,,,,,,,,,,,,,,,,,,,,,,,,,,,,,,,,,,,,,,,,,,,,,,,,,,,,,,,,,,,,,,,,,,,,,,,,,,,,,,,,,,,,,,,,,,,,,,,,,,,,,,,,,,,,,,,,,,,,,,,,,,,,,,,,,,,,,,,,,,,,,,,,,,
0.89,0.884,0.888,0.88,0.883,0.875,0.87,0.868,0.873,0.87,0.865,0.859,0.848,0.849,0.847,0.831,0.836,0.841,0.839,0.842,0.843,0.826,0.823,0.819,0.824,0.823,0.82,0.81,0.807,0.805,0.797,0.796,0.777,0.774,0.765,0.765,0.762,0.774,0.75,0.751,0.753,0.75,0.747,0.772,0.743,0.788,0.826,0.812,0.825,0.818,0.82,0.827,,,,,,,,,,,,,,,,,,,,,,,,,,,,,,,,,,,,,,,,,,,,,,,,,,,,,,,,,,,,,,,,,,,,,,,,,,,,,,,,,,,,,,,,,,,,,,,,,,,,,,,,,,,,,,,,,,,,,,,,,,,,,,,,,,,,,,,,,,,,,,,,,,,,,,,,,,,,,,,,,,,,,,,,,,,,,,,,,,,,,,,,,,,,,,,,,,,,,,,,,,,,,,,,,,,,,,,,,,,,,,,,,,,,,,,,,,,,,,,,,,,,,,,,,,,,,,,,,,,,,,,,,,,,,,,,,,,,,,,,,,,,,,,,,,,,,,,,,,,,,,,,,,,,,,,,,,,,,,,,,,,,,,,,,,,,,,,,,,,,,,,,,,,,,,,,,,,,,,,,,,,,,,,,,,,,,,,,,,,,,,,,,,,,,,,,,,,,,,,,,,,,,,,,,,,,,,,,,,,,,,,,,,,,,,,,,,,,,,,,,,,,,,,,,,,,,,,,,,,,,,,,,,,,,,,,,,,,,,,,,,,,,,,,,,,,,,,,,,,,,,,,,,,,
,,,,,,,,,,,,,,,,,,,,,,,,,,,,,,,,,,,,,,,,,,,,,,,,,,,,,,,,,,,,,,,,,,,,,,,,,,,,,,,,,,,,,,,,,,,,,,,,,,,,,,,,,,,,,,,,,,,,,,,,,,,,,,,,,,,,,,,,,,,,,,,,,,,,,,,,,,,,,,,,,,,,,,,,,,,,,,,,,,,,,,,,,,,,,,,,,,,,,,,,,,,,,,,,,,,,,,,,,,,,,,,,,,,,,,,,,,,,,,,,,,,,,,,,,,,,,,,,,,,,,,,,,,,,,,,,,,,,,,,,,,,,,,,,,,,,,,,,,,,,,,,,,,,,,,,,,,,,,,,,,,,,,,,,,,,,,,,,,,,,,,,,,,,,,,,,,,,,,,,,,,,,,,,,,,,,,,,,,,,,,,,,,,,,,,,,,,,,,,,,,,,,,,,,,,,,,,,,,,,,,,,,,,,,,,,,,,,,,,,,,,,,,,,,,,,,,,,,,,,,,,,,,,,,,,,,,,,,,,,,,,,,,,,,,,,,,,,,,,,,,,,,,,,,,,,,,,,,,,,,,,,,,,,,,,,,,,,,,,,,,,,,,,,,,,,,,,,,,,,
Protease (99 positions),,,,,,,,,,,,,,,,,,,,,,,,,,,,,,,,,,,,,,,,,,,,,,,,,,,,,,,,,,,,,,,,,,,,,,,,,,,,,,,,,,,,,,,,,,,,,,,,,,,,,,,,,,,,,,,,,,,,,,,,,,,,,,,,,,,,,,,,,,,,,,,,,,,,,,,,,,,,,,,,,,,,,,,,,,,,,,,,,,,,,,,,,,,,,,,,,,,,,,,,,,,,,,,,,,,,,,,,,,,,,,,,,,,,,,,,,,,,,,,,,,,,,,,,,,,,,,,,,,,,,,,,,,,,,,,,,,,,,,,,,,,,,,,,,,,,,,,,,,,,,,,,,,,,,,,,,,,,,,,,,,,,,,,,,,,,,,,,,,,,,,,,,,,,,,,,,,,,,,,,,,,,,,,,,,,,,,,,,,,,,,,,,,,,,,,,,,,,,,,,,,,,,,,,,,,,,,,,,,,,,,,,,,,,,,,,,,,,,,,,,,,,,,,,,,,,,,,,,,,,,,,,,,,,,,,,,,,,,,,,,,,,,,,,,,,,,,,,,,,,,,,,,,,,,,,,,,,,,,,,,,,,,,,,,,,,,,,,,,,,,,,,,,,,,,,,,,,,,,,
Pos1,Pos2,Pos3,Pos4,Pos5,Pos6,Pos7,Pos8,Pos9,Pos10,Pos11,Pos12,Pos13,Pos14,Pos15,Pos16,Pos17,Pos18,Pos19,Pos20,Pos21,Pos22,Pos23,Pos24,Pos25,Pos26,Pos27,Pos28,Pos29,Pos30,Pos31,Pos32,Pos33,Pos34,Pos35,Pos36,Pos37,Pos38,Pos39,Pos40,Pos41,Pos42,Pos43,Pos44,Pos45,Pos46,Pos47,Pos48,Pos49,Pos50,Pos51,Pos52,Pos53,Pos54,Pos55,Pos56,Pos57,Pos58,Pos59,Pos60,Pos61,Pos62,Pos63,Pos64,Pos65,Pos66,Pos67,Pos68,Pos69,Pos70,Pos71,Pos72,Pos73,Pos74,Pos75,Pos76,Pos77,Pos78,Pos79,Pos80,Pos81,Pos82,Pos83,Pos84,Pos85,Pos86,Pos87,Pos88,Pos89,Pos90,Pos91,Pos92,Pos93,Pos94,Pos95,Pos96,Pos97,Pos98,Pos99,,,,,,,,,,,,,,,,,,,,,,,,,,,,,,,,,,,,,,,,,,,,,,,,,,,,,,,,,,,,,,,,,,,,,,,,,,,,,,,,,,,,,,,,,,,,,,,,,,,,,,,,,,,,,,,,,,,,,,,,,,,,,,,,,,,,,,,,,,,,,,,,,,,,,,,,,,,,,,,,,,,,,,,,,,,,,,,,,,,,,,,,,,,,,,,,,,,,,,,,,,,,,,,,,,,,,,,,,,,,,,,,,,,,,,,,,,,,,,,,,,,,,,,,,,,,,,,,,,,,,,,,,,,,,,,,,,,,,,,,,,,,,,,,,,,,,,,,,,,,,,,,,,,,,,,,,,,,,,,,,,,,,,,,,,,,,,,,,,,,,,,,,,,,,,,,,,,,,,,,,,,,,,,,,,,,,,,,,,,,,,,,,,,,,,,,,,,,,,,,,,,,,,,,,,,,,,,,,,,,,,,,,,,,,,,,,,,,,,,,,,,,,,,,,,,,,,,,,,,,,
0.325,0.24,0.247,0.26,0.272,0.247,0.229,0.208,0.189,0.173,0.17,0.167,0.186,0.182,0.189,0.21,0.211,0.209,0.188,0.186,0.194,0.196,0.194,0.195,0.196,0.215,0.207,0.204,0.197,0.211,0.204,0.202,0.199,0.214,0.233,0.251,0.255,0.245,0.254,0.236,0.225,0.2,0.206,0.201,0.213,0.2,0.179,0.165,0.169,0.161,0.158,0.16,0.149,0.137,0.112,0.109,0.103,0.102,0.101,0.109,0.108,0.102,0.102,0.099,0.107,0.111,0.118,0.124,0.138,0.146,0.144,0.146,0.148,0.141,0.148,0.14,0.148,0.157,0.166,0.156,0.169,0.164,0.145,0.139,0.138,0.138,0.147,0.146,0.147,0.145,0.154,0.17,0.184,0.212,0.238,0.24,0.253,0.27,0.256,,,,,,,,,,,,,,,,,,,,,,,,,,,,,,,,,,,,,,,,,,,,,,,,,,,,,,,,,,,,,,,,,,,,,,,,,,,,,,,,,,,,,,,,,,,,,,,,,,,,,,,,,,,,,,,,,,,,,,,,,,,,,,,,,,,,,,,,,,,,,,,,,,,,,,,,,,,,,,,,,,,,,,,,,,,,,,,,,,,,,,,,,,,,,,,,,,,,,,,,,,,,,,,,,,,,,,,,,,,,,,,,,,,,,,,,,,,,,,,,,,,,,,,,,,,,,,,,,,,,,,,,,,,,,,,,,,,,,,,,,,,,,,,,,,,,,,,,,,,,,,,,,,,,,,,,,,,,,,,,,,,,,,,,,,,,,,,,,,,,,,,,,,,,,,,,,,,,,,,,,,,,,,,,,,,,,,,,,,,,,,,,,,,,,,,,,,,,,,,,,,,,,,,,,,,,,,,,,,,,,,,,,,,,,,,,,,,,,,,,,,,,,,,,,,,,,,,,,,,,,
,,,,,,,,,,,,,,,,,,,,,,,,,,,,,,,,,,,,,,,,,,,,,,,,,,,,,,,,,,,,,,,,,,,,,,,,,,,,,,,,,,,,,,,,,,,,,,,,,,,,,,,,,,,,,,,,,,,,,,,,,,,,,,,,,,,,,,,,,,,,,,,,,,,,,,,,,,,,,,,,,,,,,,,,,,,,,,,,,,,,,,,,,,,,,,,,,,,,,,,,,,,,,,,,,,,,,,,,,,,,,,,,,,,,,,,,,,,,,,,,,,,,,,,,,,,,,,,,,,,,,,,,,,,,,,,,,,,,,,,,,,,,,,,,,,,,,,,,,,,,,,,,,,,,,,,,,,,,,,,,,,,,,,,,,,,,,,,,,,,,,,,,,,,,,,,,,,,,,,,,,,,,,,,,,,,,,,,,,,,,,,,,,,,,,,,,,,,,,,,,,,,,,,,,,,,,,,,,,,,,,,,,,,,,,,,,,,,,,,,,,,,,,,,,,,,,,,,,,,,,,,,,,,,,,,,,,,,,,,,,,,,,,,,,,,,,,,,,,,,,,,,,,,,,,,,,,,,,,,,,,,,,,,,,,,,,,,,,,,,,,,,,,,,,,,,,,,,,,,,
RT (560 positions),,,,,,,,,,,,,,,,,,,,,,,,,,,,,,,,,,,,,,,,,,,,,,,,,,,,,,,,,,,,,,,,,,,,,,,,,,,,,,,,,,,,,,,,,,,,,,,,,,,,,,,,,,,,,,,,,,,,,,,,,,,,,,,,,,,,,,,,,,,,,,,,,,,,,,,,,,,,,,,,,,,,,,,,,,,,,,,,,,,,,,,,,,,,,,,,,,,,,,,,,,,,,,,,,,,,,,,,,,,,,,,,,,,,,,,,,,,,,,,,,,,,,,,,,,,,,,,,,,,,,,,,,,,,,,,,,,,,,,,,,,,,,,,,,,,,,,,,,,,,,,,,,,,,,,,,,,,,,,,,,,,,,,,,,,,,,,,,,,,,,,,,,,,,,,,,,,,,,,,,,,,,,,,,,,,,,,,,,,,,,,,,,,,,,,,,,,,,,,,,,,,,,,,,,,,,,,,,,,,,,,,,,,,,,,,,,,,,,,,,,,,,,,,,,,,,,,,,,,,,,,,,,,,,,,,,,,,,,,,,,,,,,,,,,,,,,,,,,,,,,,,,,,,,,,,,,,,,,,,,,,,,,,,,,,,,,,,,,,,,,,,,,,,,,,,,,,,,,,,
Pos1,Pos2,Pos3,Pos4,Pos5,Pos6,Pos7,Pos8,Pos9,Pos10,Pos11,Pos12,Pos13,Pos14,Pos15,Pos16,Pos17,Pos18,Pos19,Pos20,Pos21,Pos22,Pos23,Pos24,Pos25,Pos26,Pos27,Pos28,Pos29,Pos30,Pos31,Pos32,Pos33,Pos34,Pos35,Pos36,Pos37,Pos38,Pos39,Pos40,Pos41,Pos42,Pos43,Pos44,Pos45,Pos46,Pos47,Pos48,Pos49,Pos50,Pos51,Pos52,Pos53,Pos54,Pos55,Pos56,Pos57,Pos58,Pos59,Pos60,Pos61,Pos62,Pos63,Pos64,Pos65,Pos66,Pos67,Pos68,Pos69,Pos70,Pos71,Pos72,Pos73,Pos74,Pos75,Pos76,Pos77,Pos78,Pos79,Pos80,Pos81,Pos82,Pos83,Pos84,Pos85,Pos86,Pos87,Pos88,Pos89,Pos90,Pos91,Pos92,Pos93,Pos94,Pos95,Pos96,Pos97,Pos98,Pos99,Pos100,Pos101,Pos102,Pos103,Pos104,Pos105,Pos106,Pos107,Pos108,Pos109,Pos110,Pos111,Pos112,Pos113,Pos114,Pos115,Pos116,Pos117,Pos118,Pos119,Pos120,Pos121,Pos122,Pos123,Pos124,Pos125,Pos126,Pos127,Pos128,Pos129,Pos130,Pos131,Pos132,Pos133,Pos134,Pos135,Pos136,Pos137,Pos138,Pos139,Pos140,Pos141,Pos142,Pos143,Pos144,Pos145,Pos146,Pos147,Pos148,Pos149,Pos150,Pos151,Pos152,Pos153,Pos154,Pos155,Pos156,Pos157,Pos158,Pos159,Pos160,Pos161,Pos162,Pos163,Pos164,Pos165,Pos166,Pos167,Pos168,Pos169,Pos170,Pos171,Pos172,Pos173,Pos174,Pos175,Pos176,Pos177,Pos178,Pos179,Pos180,Pos181,Pos182,Pos183,Pos184,Pos185,Pos186,Pos187,Pos188,Pos189,Pos190,Pos191,Pos192,Pos193,Pos194,Pos195,Pos196,Pos197,Pos198,Pos199,Pos200,Pos201,Pos202,Pos203,Pos204,Pos205,Pos206,Pos207,Pos208,Pos209,Pos210,Pos211,Pos212,Pos213,Pos214,Pos215,Pos216,Pos217,Pos218,Pos219,Pos220,Pos221,Pos222,Pos223,Pos224,Pos225,Pos226,Pos227,Pos228,Pos229,Pos230,Pos231,Pos232,Pos233,Pos234,Pos235,Pos236,Pos237,Pos238,Pos239,Pos240,Pos241,Pos242,Pos243,Pos244,Pos245,Pos246,Pos247,Pos248,Pos249,Pos250,Pos251,Pos252,Pos253,Pos254,Pos255,Pos256,Pos257,Pos258,Pos259,Pos260,Pos261,Pos262,Pos263,Pos264,Pos265,Pos266,Pos267,Pos268,Pos269,Pos270,Pos271,Pos272,Pos273,Pos274,Pos275,Pos276,Pos277,Pos278,Pos279,Pos280,Pos281,Pos282,Pos283,Pos284,Pos285,Pos286,Pos287,Pos288,Pos289,Pos290,Pos291,Pos292,Pos293,Pos294,Pos295,Pos296,Pos297,Pos298,Pos299,Pos300,Pos301,Pos302,Pos303,Pos304,Pos305,Pos306,Pos307,Pos308,Pos309,Pos310,Pos311,Pos312,Pos313,Pos314,Pos315,Pos316,Pos317,Pos318,Pos319,Pos320,Pos321,Pos322,Pos323,Pos324,Pos325,Pos326,Pos327,Pos328,Pos329,Pos330,Pos331,Pos332,Pos333,Pos334,Pos335,Pos336,Pos337,Pos338,Pos339,Pos340,Pos341,Pos342,Pos343,Pos344,Pos345,Pos346,Pos347,Pos348,Pos349,Pos350,Pos351,Pos352,Pos353,Pos354,Pos355,Pos356,Pos357,Pos358,Pos359,Pos360,Pos361,Pos362,Pos363,Pos364,Pos365,Pos366,Pos367,Pos368,Pos369,Pos370,Pos371,Pos372,Pos373,Pos374,Pos375,Pos376,Pos377,Pos378,Pos379,Pos380,Pos381,Pos382,Pos383,Pos384,Pos385,Pos386,Pos387,Pos388,Pos389,Pos390,Pos391,Pos392,Pos393,Pos394,Pos395,Pos396,Pos397,Pos398,Pos399,Pos400,Pos401,Pos402,Pos403,Pos404,Pos405,Pos406,Pos407,Pos408,Pos409,Pos410,Pos411,Pos412,Pos413,Pos414,Pos415,Pos416,Pos417,Pos418,Pos419,Pos420,Pos421,Pos422,Pos423,Pos424,Pos425,Pos426,Pos427,Pos428,Pos429,Pos430,Pos431,Pos432,Pos433,Pos434,Pos435,Pos436,Pos437,Pos438,Pos439,Pos440,Pos441,Pos442,Pos443,Pos444,Pos445,Pos446,Pos447,Pos448,Pos449,Pos450,Pos451,Pos452,Pos453,Pos454,Pos455,Pos456,Pos457,Pos458,Pos459,Pos460,Pos461,Pos462,Pos463,Pos464,Pos465,Pos466,Pos467,Pos468,Pos469,Pos470,Pos471,Pos472,Pos473,Pos474,Pos475,Pos476,Pos477,Pos478,Pos479,Pos480,Pos481,Pos482,Pos483,Pos484,Pos485,Pos486,Pos487,Pos488,Pos489,Pos490,Pos491,Pos492,Pos493,Pos494,Pos495,Pos496,Pos497,Pos498,Pos499,Pos500,Pos501,Pos502,Pos503,Pos504,Pos505,Pos506,Pos507,Pos508,Pos509,Pos510,Pos511,Pos512,Pos513,Pos514,Pos515,Pos516,Pos517,Pos518,Pos519,Pos520,Pos521,Pos522,Pos523,Pos524,Pos525,Pos526,Pos527,Pos528,Pos529,Pos530,Pos531,Pos532,Pos533,Pos534,Pos535,Pos536,Pos537,Pos538,Pos539,Pos540,Pos541,Pos542,Pos543,Pos544,Pos545,Pos546,Pos547,Pos548,Pos549,Pos550,Pos551,Pos552,Pos553,Pos554,Pos555,Pos556,Pos557,Pos558,Pos559,Pos560
0.781,0.754,0.735,0.695,0.709,0.688,0.507,0.631,0.604,0.42,0.447,0.449,0.438,0.496,0.428,0.44,0.447,0.424,0.419,0.418,0.434,0.375,0.372,0.366,0.354,0.331,0.345,0.327,0.307,0.296,0.291,0.286,0.29,0.286,0.297,0.29,0.301,0.302,0.309,0.303,0.303,0.318,0.337,0.352,0.428,0.419,0.42,0.423,0.474,0.403,0.414,0.403,0.366,0.336,0.323,0.299,0.294,0.296,0.313,0.305,0.309,0.308,0.304,0.31,0.283,0.271,0.285,0.271,0.27,0.255,0.271,0.272,0.267,0.279,0.275,0.278,0.251,0.25,0.245,0.248,0.241,0.256,0.262,0.246,0.257,0.255,0.249,0.256,0.247,0.246,0.249,0.253,0.232,0.245,0.257,0.272,0.259,0.269,0.274,0.275,0.265,0.261,0.277,0.26,0.258,0.269,0.265,0.253,0.229,0.228,0.21,0.206,0.196,0.19,0.186,0.183,0.195,0.196,0.202,0.215,0.215,0.22,0.216,0.213,0.206,0.207,0.213,0.215,0.223,0.227,0.251,0.266,0.275,0.284,0.288,0.27,0.259,0.257,0.249,0.273,0.278,0.259,0.245,0.221,0.218,0.222,0.22,0.217,0.218,0.223,0.222,0.232,0.24,0.248,0.262,0.243,0.249,0.239,0.232,0.227,0.245,0.234,0.231,0.241,0.242,0.242,0.224,0.229,0.224,0.226,0.229,0.229,0.214,0.206,0.203,0.192,0.184,0.167,0.155,0.143,0.143,0.142,0.147,0.147,0.151,0.148,0.155,0.167,0.189,0.214,0.234,0.251,0.256,0.267,0.273,0.271,0.244,0.25,0.262,0.266,0.234,0.244,0.212,0.23,0.209,0.236,0.216,0.206,0.2,0.203,0.212,0.229,0.256,0.271,0.265,0.328,0.354,0.342,0.35,0.336,0.346,0.347,0.308,0.286,0.262,0.259,0.269,0.267,0.249,0.234,0.224,0.213,0.21,0.206,0.205,0.205,0.202,0.209,0.213,0.229,0.23,0.237,0.241,0.238,0.246,0.249,0.253,0.255,0.257,0.262,0.231,0.241,0.229,0.226,0.218,0.218,0.216,0.206,0.194,0.191,0.186,0.184,0.189,0.191,0.184,0.18,0.179,0.178,0.172,0.174,0.174,0.179,0.178,0.176,0.176,0.178,0.182,0.183,0.184,0.186,0.195,0.209,0.219,0.22,0.238,0.243,0.255,0.266,0.275,0.287,0.3,0.276,0.289,0.294,0.267,0.274,0.279,0.279,0.282,0.27,0.271,0.289,0.295,0.311,0.29,0.294,0.297,0.287,0.27,0.26,0.254,0.255,0.252,0.28,0.291,0.292,0.294,0.283,0.27,0.274,0.27,0.273,0.274,0.271,0.287,0.294,0.266,0.26,0.277,0.282,0.274,0.258,0.248,0.246,0.237,0.266,0.265,0.257,0.253,0.237,0.24,0.253,0.254,0.264,0.271,0.254,0.256,0.247,0.256,0.281,0.283,0.302,0.312,0.312,0.316,0.306,0.306,0.299,0.299,0.287,0.284,0.296,0.274,0.275,0.284,0.274,0.266,0.261,0.252,0.274,0.266,0.256,0.266,0.249,0.235,0.23,0.22,0.214,0.217,0.201,0.195,0.189,0.198,0.195,0.201,0.214,0.22,0.228,0.243,0.246,0.251,0.25,0.243,0.232,0.216,0.199,0.185,0.176,0.169,0.167,0.162,0.167,0.165,0.174,0.162,0.15,0.157,0.157,0.162,0.166,0.159,0.167,0.174,0.172,0.171,0.176,0.178,0.177,0.178,0.174,0.174,0.176,0.172,0.173,0.177,0.182,0.199,0.21,0.232,0.254,0.278,0.275,0.272,0.296,0.368,0.388,0.399,0.423,0.523,0.756,0.538,0.543,0.545,0.674,0.667,0.651,0.624,0.622,0.627,0.479,0.397,0.469,0.401,0.374,0.393,0.373,0.376,0.355,0.346,0.341,0.33,0.328,0.334,0.315,0.314,0.316,0.307,0.307,0.308,0.317,0.32,0.309,0.291,0.295,0.271,0.263,0.249,0.258,0.245,0.233,0.249,0.237,0.232,0.222,0.217,0.207,0.206,0.211,0.219,0.225,0.216,0.203,0.204,0.196,0.189,0.181,0.186,0.182,0.182,0.188,0.187,0.199,0.201,0.222,0.233,0.259,0.268,0.278,0.234,0.24,0.242,0.26,0.237,0.249,0.276,0.266,0.257,0.254,0.257,0.25,0.24,0.221,0.206,0.2,0.2,0.196,0.19,0.188,0.186,0.162,0.155,0.154,0.143,0.149,0.155,0.174,0.201,0.238,0.256,0.264,0.298,0.278,0.279,0.265,0.261,0.297,0.299,0.305,0.296,0.276,0.271,0.271,0.29,0.302,0.286,0.279,0.288,0.311,0.392,0.495
,,,,,,,,,,,,,,,,,,,,,,,,,,,,,,,,,,,,,,,,,,,,,,,,,,,,,,,,,,,,,,,,,,,,,,,,,,,,,,,,,,,,,,,,,,,,,,,,,,,,,,,,,,,,,,,,,,,,,,,,,,,,,,,,,,,,,,,,,,,,,,,,,,,,,,,,,,,,,,,,,,,,,,,,,,,,,,,,,,,,,,,,,,,,,,,,,,,,,,,,,,,,,,,,,,,,,,,,,,,,,,,,,,,,,,,,,,,,,,,,,,,,,,,,,,,,,,,,,,,,,,,,,,,,,,,,,,,,,,,,,,,,,,,,,,,,,,,,,,,,,,,,,,,,,,,,,,,,,,,,,,,,,,,,,,,,,,,,,,,,,,,,,,,,,,,,,,,,,,,,,,,,,,,,,,,,,,,,,,,,,,,,,,,,,,,,,,,,,,,,,,,,,,,,,,,,,,,,,,,,,,,,,,,,,,,,,,,,,,,,,,,,,,,,,,,,,,,,,,,,,,,,,,,,,,,,,,,,,,,,,,,,,,,,,,,,,,,,,,,,,,,,,,,,,,,,,,,,,,,,,,,,,,,,,,,,,,,,,,,,,,,,,,,,,,,,,,,,,,,
Integrase (288 positions),,,,,,,,,,,,,,,,,,,,,,,,,,,,,,,,,,,,,,,,,,,,,,,,,,,,,,,,,,,,,,,,,,,,,,,,,,,,,,,,,,,,,,,,,,,,,,,,,,,,,,,,,,,,,,,,,,,,,,,,,,,,,,,,,,,,,,,,,,,,,,,,,,,,,,,,,,,,,,,,,,,,,,,,,,,,,,,,,,,,,,,,,,,,,,,,,,,,,,,,,,,,,,,,,,,,,,,,,,,,,,,,,,,,,,,,,,,,,,,,,,,,,,,,,,,,,,,,,,,,,,,,,,,,,,,,,,,,,,,,,,,,,,,,,,,,,,,,,,,,,,,,,,,,,,,,,,,,,,,,,,,,,,,,,,,,,,,,,,,,,,,,,,,,,,,,,,,,,,,,,,,,,,,,,,,,,,,,,,,,,,,,,,,,,,,,,,,,,,,,,,,,,,,,,,,,,,,,,,,,,,,,,,,,,,,,,,,,,,,,,,,,,,,,,,,,,,,,,,,,,,,,,,,,,,,,,,,,,,,,,,,,,,,,,,,,,,,,,,,,,,,,,,,,,,,,,,,,,,,,,,,,,,,,,,,,,,,,,,,,,,,,,,,,,,,,,,,,,,,
Pos1,Pos2,Pos3,Pos4,Pos5,Pos6,Pos7,Pos8,Pos9,Pos10,Pos11,Pos12,Pos13,Pos14,Pos15,Pos16,Pos17,Pos18,Pos19,Pos20,Pos21,Pos22,Pos23,Pos24,Pos25,Pos26,Pos27,Pos28,Pos29,Pos30,Pos31,Pos32,Pos33,Pos34,Pos35,Pos36,Pos37,Pos38,Pos39,Pos40,Pos41,Pos42,Pos43,Pos44,Pos45,Pos46,Pos47,Pos48,Pos49,Pos50,Pos51,Pos52,Pos53,Pos54,Pos55,Pos56,Pos57,Pos58,Pos59,Pos60,Pos61,Pos62,Pos63,Pos64,Pos65,Pos66,Pos67,Pos68,Pos69,Pos70,Pos71,Pos72,Pos73,Pos74,Pos75,Pos76,Pos77,Pos78,Pos79,Pos80,Pos81,Pos82,Pos83,Pos84,Pos85,Pos86,Pos87,Pos88,Pos89,Pos90,Pos91,Pos92,Pos93,Pos94,Pos95,Pos96,Pos97,Pos98,Pos99,Pos100,Pos101,Pos102,Pos103,Pos104,Pos105,Pos106,Pos107,Pos108,Pos109,Pos110,Pos111,Pos112,Pos113,Pos114,Pos115,Pos116,Pos117,Pos118,Pos119,Pos120,Pos121,Pos122,Pos123,Pos124,Pos125,Pos126,Pos127,Pos128,Pos129,Pos130,Pos131,Pos132,Pos133,Pos134,Pos135,Pos136,Pos137,Pos138,Pos139,Pos140,Pos141,Pos142,Pos143,Pos144,Pos145,Pos146,Pos147,Pos148,Pos149,Pos150,Pos151,Pos152,Pos153,Pos154,Pos155,Pos156,Pos157,Pos158,Pos159,Pos160,Pos161,Pos162,Pos163,Pos164,Pos165,Pos166,Pos167,Pos168,Pos169,Pos170,Pos171,Pos172,Pos173,Pos174,Pos175,Pos176,Pos177,Pos178,Pos179,Pos180,Pos181,Pos182,Pos183,Pos184,Pos185,Pos186,Pos187,Pos188,Pos189,Pos190,Pos191,Pos192,Pos193,Pos194,Pos195,Pos196,Pos197,Pos198,Pos199,Pos200,Pos201,Pos202,Pos203,Pos204,Pos205,Pos206,Pos207,Pos208,Pos209,Pos210,Pos211,Pos212,Pos213,Pos214,Pos215,Pos216,Pos217,Pos218,Pos219,Pos220,Pos221,Pos222,Pos223,Pos224,Pos225,Pos226,Pos227,Pos228,Pos229,Pos230,Pos231,Pos232,Pos233,Pos234,Pos235,Pos236,Pos237,Pos238,Pos239,Pos240,Pos241,Pos242,Pos243,Pos244,Pos245,Pos246,Pos247,Pos248,Pos249,Pos250,Pos251,Pos252,Pos253,Pos254,Pos255,Pos256,Pos257,Pos258,Pos259,Pos260,Pos261,Pos262,Pos263,Pos264,Pos265,Pos266,Pos267,Pos268,Pos269,Pos270,Pos271,Pos272,Pos273,Pos274,Pos275,Pos276,Pos277,Pos278,Pos279,Pos280,Pos281,Pos282,Pos283,Pos284,Pos285,Pos286,Pos287,Pos288,,,,,,,,,,,,,,,,,,,,,,,,,,,,,,,,,,,,,,,,,,,,,,,,,,,,,,,,,,,,,,,,,,,,,,,,,,,,,,,,,,,,,,,,,,,,,,,,,,,,,,,,,,,,,,,,,,,,,,,,,,,,,,,,,,,,,,,,,,,,,,,,,,,,,,,,,,,,,,,,,,,,,,,,,,,,,,,,,,,,,,,,,,,,,,,,,,,,,,,,,,,,,,,,,,,,,,,,,,,,,,,,,,,,,,,,,,,,,,,,,,,,,,,,,,,,,,,,,,,,,,,,,,,,,,,,
0.689,0.673,0.666,0.663,0.658,0.646,0.652,0.65,0.638,0.635,0.414,0.427,0.354,0.334,0.3,0.308,0.294,0.3,0.295,0.312,0.304,0.301,0.288,0.274,0.265,0.263,0.275,0.267,0.259,0.259,0.242,0.24,0.245,0.237,0.237,0.234,0.243,0.242,0.257,0.258,0.257,0.255,0.239,0.258,0.266,0.272,0.289,0.308,0.304,0.297,0.298,0.271,0.257,0.272,0.251,0.254,0.22,0.202,0.173,0.158,0.145,0.141,0.135,0.129,0.126,0.12,0.123,0.119,0.122,0.131,0.14,0.126,0.125,0.122,0.118,0.126,0.125,0.124,0.138,0.147,0.156,0.163,0.177,0.189,0.208,0.224,0.226,0.234,0.219,0.233,0.232,0.227,0.217,0.214,0.228,0.206,0.188,0.177,0.164,0.161,0.145,0.14,0.135,0.131,0.139,0.146,0.155,0.16,0.176,0.19,0.197,0.209,0.232,0.254,0.267,0.273,0.27,0.271,0.267,0.252,0.24,0.229,0.232,0.21,0.186,0.161,0.147,0.136,0.128,0.117,0.117,0.12,0.124,0.124,0.131,0.143,0.16,0.183,0.211,0.238,0.269,0.232,0.251,0.282,0.266,0.285,0.268,0.273,0.279,0.278,0.294,0.286,0.266,0.275,0.263,0.24,0.235,0.228,0.234,0.221,0.221,0.227,0.216,0.22,0.227,0.229,0.223,0.232,0.235,0.235,0.224,0.218,0.22,0.223,0.207,0.188,0.173,0.163,0.156,0.149,0.151,0.153,0.166,0.182,0.195,0.215,0.212,0.23,0.246,0.265,0.256,0.274,0.269,0.248,0.235,0.251,0.242,0.233,0.216,0.208,0.199,0.195,0.197,0.193,0.206,0.215,0.243,0.257,0.278,0.283,0.295,0.271,0.267,0.265,0.295,0.27,0.281,0.264,0.255,0.225,0.218,0.213,0.215,0.238,0.229,0.226,0.233,0.247,0.261,0.268,0.278,0.266,0.271,0.266,0.278,0.277,0.256,0.283,0.273,0.258,0.253,0.245,0.251,0.251,0.263,0.269,0.27,0.26,0.261,0.27,0.277,0.295,0.263,0.28,0.282,0.306,0.308,0.308,0.312,0.313,0.325,0.306,0.329,0.312,0.315,0.318,0.332,0.348,0.323,0.347,0.346,0.358,0.557,0.625,0.663,0.666,0.688,0.711,0.692,0.711,0.757,0.771,0.793,0.776,0.786,0.799,0.818,0.824,,,,,,,,,,,,,,,,,,,,,,,,,,,,,,,,,,,,,,,,,,,,,,,,,,,,,,,,,,,,,,,,,,,,,,,,,,,,,,,,,,,,,,,,,,,,,,,,,,,,,,,,,,,,,,,,,,,,,,,,,,,,,,,,,,,,,,,,,,,,,,,,,,,,,,,,,,,,,,,,,,,,,,,,,,,,,,,,,,,,,,,,,,,,,,,,,,,,,,,,,,,,,,,,,,,,,,,,,,,,,,,,,,,,,,,,,,,,,,,,,,,,,,,,,,,,,,,,,,,,,,,,,,,,,,,,
,,,,,,,,,,,,,,,,,,,,,,,,,,,,,,,,,,,,,,,,,,,,,,,,,,,,,,,,,,,,,,,,,,,,,,,,,,,,,,,,,,,,,,,,,,,,,,,,,,,,,,,,,,,,,,,,,,,,,,,,,,,,,,,,,,,,,,,,,,,,,,,,,,,,,,,,,,,,,,,,,,,,,,,,,,,,,,,,,,,,,,,,,,,,,,,,,,,,,,,,,,,,,,,,,,,,,,,,,,,,,,,,,,,,,,,,,,,,,,,,,,,,,,,,,,,,,,,,,,,,,,,,,,,,,,,,,,,,,,,,,,,,,,,,,,,,,,,,,,,,,,,,,,,,,,,,,,,,,,,,,,,,,,,,,,,,,,,,,,,,,,,,,,,,,,,,,,,,,,,,,,,,,,,,,,,,,,,,,,,,,,,,,,,,,,,,,,,,,,,,,,,,,,,,,,,,,,,,,,,,,,,,,,,,,,,,,,,,,,,,,,,,,,,,,,,,,,,,,,,,,,,,,,,,,,,,,,,,,,,,,,,,,,,,,,,,,,,,,,,,,,,,,,,,,,,,,,,,,,,,,,,,,,,,,,,,,,,,,,,,,,,,,,,,,,,,,,,,,,,
Vif (192 positions),,,,,,,,,,,,,,,,,,,,,,,,,,,,,,,,,,,,,,,,,,,,,,,,,,,,,,,,,,,,,,,,,,,,,,,,,,,,,,,,,,,,,,,,,,,,,,,,,,,,,,,,,,,,,,,,,,,,,,,,,,,,,,,,,,,,,,,,,,,,,,,,,,,,,,,,,,,,,,,,,,,,,,,,,,,,,,,,,,,,,,,,,,,,,,,,,,,,,,,,,,,,,,,,,,,,,,,,,,,,,,,,,,,,,,,,,,,,,,,,,,,,,,,,,,,,,,,,,,,,,,,,,,,,,,,,,,,,,,,,,,,,,,,,,,,,,,,,,,,,,,,,,,,,,,,,,,,,,,,,,,,,,,,,,,,,,,,,,,,,,,,,,,,,,,,,,,,,,,,,,,,,,,,,,,,,,,,,,,,,,,,,,,,,,,,,,,,,,,,,,,,,,,,,,,,,,,,,,,,,,,,,,,,,,,,,,,,,,,,,,,,,,,,,,,,,,,,,,,,,,,,,,,,,,,,,,,,,,,,,,,,,,,,,,,,,,,,,,,,,,,,,,,,,,,,,,,,,,,,,,,,,,,,,,,,,,,,,,,,,,,,,,,,,,,,,,,,,,,,
Pos1,Pos2,Pos3,Pos4,Pos5,Pos6,Pos7,Pos8,Pos9,Pos10,Pos11,Pos12,Pos13,Pos14,Pos15,Pos16,Pos17,Pos18,Pos19,Pos20,Pos21,Pos22,Pos23,Pos24,Pos25,Pos26,Pos27,Pos28,Pos29,Pos30,Pos31,Pos32,Pos33,Pos34,Pos35,Pos36,Pos37,Pos38,Pos39,Pos40,Pos41,Pos42,Pos43,Pos44,Pos45,Pos46,Pos47,Pos48,Pos49,Pos50,Pos51,Pos52,Pos53,Pos54,Pos55,Pos56,Pos57,Pos58,Pos59,Pos60,Pos61,Pos62,Pos63,Pos64,Pos65,Pos66,Pos67,Pos68,Pos69,Pos70,Pos71,Pos72,Pos73,Pos74,Pos75,Pos76,Pos77,Pos78,Pos79,Pos80,Pos81,Pos82,Pos83,Pos84,Pos85,Pos86,Pos87,Pos88,Pos89,Pos90,Pos91,Pos92,Pos93,Pos94,Pos95,Pos96,Pos97,Pos98,Pos99,Pos100,Pos101,Pos102,Pos103,Pos104,Pos105,Pos106,Pos107,Pos108,Pos109,Pos110,Pos111,Pos112,Pos113,Pos114,Pos115,Pos116,Pos117,Pos118,Pos119,Pos120,Pos121,Pos122,Pos123,Pos124,Pos125,Pos126,Pos127,Pos128,Pos129,Pos130,Pos131,Pos132,Pos133,Pos134,Pos135,Pos136,Pos137,Pos138,Pos139,Pos140,Pos141,Pos142,Pos143,Pos144,Pos145,Pos146,Pos147,Pos148,Pos149,Pos150,Pos151,Pos152,Pos153,Pos154,Pos155,Pos156,Pos157,Pos158,Pos159,Pos160,Pos161,Pos162,Pos163,Pos164,Pos165,Pos166,Pos167,Pos168,Pos169,Pos170,Pos171,Pos172,Pos173,Pos174,Pos175,Pos176,Pos177,Pos178,Pos179,Pos180,Pos181,Pos182,Pos183,Pos184,Pos185,Pos186,Pos187,Pos188,Pos189,Pos190,Pos191,Pos192,,,,,,,,,,,,,,,,,,,,,,,,,,,,,,,,,,,,,,,,,,,,,,,,,,,,,,,,,,,,,,,,,,,,,,,,,,,,,,,,,,,,,,,,,,,,,,,,,,,,,,,,,,,,,,,,,,,,,,,,,,,,,,,,,,,,,,,,,,,,,,,,,,,,,,,,,,,,,,,,,,,,,,,,,,,,,,,,,,,,,,,,,,,,,,,,,,,,,,,,,,,,,,,,,,,,,,,,,,,,,,,,,,,,,,,,,,,,,,,,,,,,,,,,,,,,,,,,,,,,,,,,,,,,,,,,,,,,,,,,,,,,,,,,,,,,,,,,,,,,,,,,,,,,,,,,,,,,,,,,,,,,,,,,,,,,,,,,,,,,,,,,,,,,,,,,,,,,,,,,,,,,,,,,
0.686,0.55,0.283,0.34,0.29,0.256,0.224,0.185,0.18,0.183,0.176,0.176,0.166,0.172,0.166,0.174,0.176,0.18,0.184,0.194,0.195,0.203,0.203,0.211,0.213,0.212,0.223,0.232,0.229,0.227,0.232,0.248,0.243,0.249,0.255,0.257,0.259,0.254,0.245,0.242,0.263,0.261,0.274,0.281,0.278,0.275,0.295,0.285,0.309,0.313,0.327,0.325,0.31,0.295,0.291,0.279,0.259,0.237,0.212,0.192,0.174,0.167,0.159,0.163,0.155,0.156,0.16,0.163,0.166,0.156,0.16,0.168,0.183,0.189,0.207,0.222,0.243,0.234,0.236,0.235,0.24,0.228,0.225,0.219,0.216,0.222,0.221,0.232,0.235,0.256,0.258,0.259,0.253,0.256,0.244,0.248,0.252,0.253,0.24,0.231,0.213,0.194,0.176,0.162,0.157,0.144,0.138,0.123,0.121,0.12,0.119,0.122,0.131,0.137,0.148,0.158,0.167,0.178,0.182,0.17,0.179,0.185,0.199,0.188,0.192,0.194,0.194,0.195,0.201,0.217,0.235,0.241,0.241,0.249,0.291,0.293,0.287,0.277,0.273,0.275,0.268,0.258,0.244,0.241,0.234,0.238,0.233,0.238,0.237,0.239,0.255,0.264,0.288,0.311,0.337,0.366,0.365,0.368,0.414,0.527,0.581,0.587,0.591,0.594,0.581,0.599,0.595,0.604,0.62,0.648,0.664,0.671,0.688,0.714,0.72,0.755,0.766,0.762,0.763,0.796,0.807,0.816,0.821,0.825,0.836,0.818,0.861,0.858,0.842,0.847,0.85,0.861,,,,,,,,,,,,,,,,,,,,,,,,,,,,,,,,,,,,,,,,,,,,,,,,,,,,,,,,,,,,,,,,,,,,,,,,,,,,,,,,,,,,,,,,,,,,,,,,,,,,,,,,,,,,,,,,,,,,,,,,,,,,,,,,,,,,,,,,,,,,,,,,,,,,,,,,,,,,,,,,,,,,,,,,,,,,,,,,,,,,,,,,,,,,,,,,,,,,,,,,,,,,,,,,,,,,,,,,,,,,,,,,,,,,,,,,,,,,,,,,,,,,,,,,,,,,,,,,,,,,,,,,,,,,,,,,,,,,,,,,,,,,,,,,,,,,,,,,,,,,,,,,,,,,,,,,,,,,,,,,,,,,,,,,,,,,,,,,,,,,,,,,,,,,,,,,,,,,,,,,,,,,,,,,
,,,,,,,,,,,,,,,,,,,,,,,,,,,,,,,,,,,,,,,,,,,,,,,,,,,,,,,,,,,,,,,,,,,,,,,,,,,,,,,,,,,,,,,,,,,,,,,,,,,,,,,,,,,,,,,,,,,,,,,,,,,,,,,,,,,,,,,,,,,,,,,,,,,,,,,,,,,,,,,,,,,,,,,,,,,,,,,,,,,,,,,,,,,,,,,,,,,,,,,,,,,,,,,,,,,,,,,,,,,,,,,,,,,,,,,,,,,,,,,,,,,,,,,,,,,,,,,,,,,,,,,,,,,,,,,,,,,,,,,,,,,,,,,,,,,,,,,,,,,,,,,,,,,,,,,,,,,,,,,,,,,,,,,,,,,,,,,,,,,,,,,,,,,,,,,,,,,,,,,,,,,,,,,,,,,,,,,,,,,,,,,,,,,,,,,,,,,,,,,,,,,,,,,,,,,,,,,,,,,,,,,,,,,,,,,,,,,,,,,,,,,,,,,,,,,,,,,,,,,,,,,,,,,,,,,,,,,,,,,,,,,,,,,,,,,,,,,,,,,,,,,,,,,,,,,,,,,,,,,,,,,,,,,,,,,,,,,,,,,,,,,,,,,,,,,,,,,,,,,
Vpr (96 positions),,,,,,,,,,,,,,,,,,,,,,,,,,,,,,,,,,,,,,,,,,,,,,,,,,,,,,,,,,,,,,,,,,,,,,,,,,,,,,,,,,,,,,,,,,,,,,,,,,,,,,,,,,,,,,,,,,,,,,,,,,,,,,,,,,,,,,,,,,,,,,,,,,,,,,,,,,,,,,,,,,,,,,,,,,,,,,,,,,,,,,,,,,,,,,,,,,,,,,,,,,,,,,,,,,,,,,,,,,,,,,,,,,,,,,,,,,,,,,,,,,,,,,,,,,,,,,,,,,,,,,,,,,,,,,,,,,,,,,,,,,,,,,,,,,,,,,,,,,,,,,,,,,,,,,,,,,,,,,,,,,,,,,,,,,,,,,,,,,,,,,,,,,,,,,,,,,,,,,,,,,,,,,,,,,,,,,,,,,,,,,,,,,,,,,,,,,,,,,,,,,,,,,,,,,,,,,,,,,,,,,,,,,,,,,,,,,,,,,,,,,,,,,,,,,,,,,,,,,,,,,,,,,,,,,,,,,,,,,,,,,,,,,,,,,,,,,,,,,,,,,,,,,,,,,,,,,,,,,,,,,,,,,,,,,,,,,,,,,,,,,,,,,,,,,,,,,,,,,,
Pos1,Pos2,Pos3,Pos4,Pos5,Pos6,Pos7,Pos8,Pos9,Pos10,Pos11,Pos12,Pos13,Pos14,Pos15,Pos16,Pos17,Pos18,Pos19,Pos20,Pos21,Pos22,Pos23,Pos24,Pos25,Pos26,Pos27,Pos28,Pos29,Pos30,Pos31,Pos32,Pos33,Pos34,Pos35,Pos36,Pos37,Pos38,Pos39,Pos40,Pos41,Pos42,Pos43,Pos44,Pos45,Pos46,Pos47,Pos48,Pos49,Pos50,Pos51,Pos52,Pos53,Pos54,Pos55,Pos56,Pos57,Pos58,Pos59,Pos60,Pos61,Pos62,Pos63,Pos64,Pos65,Pos66,Pos67,Pos68,Pos69,Pos70,Pos71,Pos72,Pos73,Pos74,Pos75,Pos76,Pos77,Pos78,Pos79,Pos80,Pos81,Pos82,Pos83,Pos84,Pos85,Pos86,Pos87,Pos88,Pos89,Pos90,Pos91,Pos92,Pos93,Pos94,Pos95,Pos96,,,,,,,,,,,,,,,,,,,,,,,,,,,,,,,,,,,,,,,,,,,,,,,,,,,,,,,,,,,,,,,,,,,,,,,,,,,,,,,,,,,,,,,,,,,,,,,,,,,,,,,,,,,,,,,,,,,,,,,,,,,,,,,,,,,,,,,,,,,,,,,,,,,,,,,,,,,,,,,,,,,,,,,,,,,,,,,,,,,,,,,,,,,,,,,,,,,,,,,,,,,,,,,,,,,,,,,,,,,,,,,,,,,,,,,,,,,,,,,,,,,,,,,,,,,,,,,,,,,,,,,,,,,,,,,,,,,,,,,,,,,,,,,,,,,,,,,,,,,,,,,,,,,,,,,,,,,,,,,,,,,,,,,,,,,,,,,,,,,,,,,,,,,,,,,,,,,,,,,,,,,,,,,,,,,,,,,,,,,,,,,,,,,,,,,,,,,,,,,,,,,,,,,,,,,,,,,,,,,,,,,,,,,,,,,,,,,,,,,,,,,,,,,,,,,,,,,,,,,,,,,,
0.875,0.862,0.849,0.861,0.852,0.847,0.825,0.838,0.811,0.798,0.736,0.718,0.691,0.657,0.431,0.402,0.364,0.38,0.315,0.308,0.297,0.291,0.277,0.268,0.266,0.269,0.27,0.251,0.251,0.24,0.251,0.235,0.224,0.221,0.212,0.203,0.201,0.195,0.189,0.192,0.188,0.189,0.183,0.186,0.189,0.182,0.186,0.186,0.182,0.179,0.175,0.169,0.166,0.156,0.147,0.142,0.138,0.132,0.123,0.124,0.119,0.118,0.127,0.129,0.128,0.128,0.13,0.129,0.137,0.145,0.156,0.166,0.176,0.195,0.211,0.231,0.251,0.278,0.284,0.318,0.336,0.35,0.375,0.452,0.51,0.633,0.674,0.717,0.731,0.745,0.755,0.782,0.811,0.823,0.835,0.637,,,,,,,,,,,,,,,,,,,,,,,,,,,,,,,,,,,,,,,,,,,,,,,,,,,,,,,,,,,,,,,,,,,,,,,,,,,,,,,,,,,,,,,,,,,,,,,,,,,,,,,,,,,,,,,,,,,,,,,,,,,,,,,,,,,,,,,,,,,,,,,,,,,,,,,,,,,,,,,,,,,,,,,,,,,,,,,,,,,,,,,,,,,,,,,,,,,,,,,,,,,,,,,,,,,,,,,,,,,,,,,,,,,,,,,,,,,,,,,,,,,,,,,,,,,,,,,,,,,,,,,,,,,,,,,,,,,,,,,,,,,,,,,,,,,,,,,,,,,,,,,,,,,,,,,,,,,,,,,,,,,,,,,,,,,,,,,,,,,,,,,,,,,,,,,,,,,,,,,,,,,,,,,,,,,,,,,,,,,,,,,,,,,,,,,,,,,,,,,,,,,,,,,,,,,,,,,,,,,,,,,,,,,,,,,,,,,,,,,,,,,,,,,,,,,,,,,,,,,,,,,,
,,,,,,,,,,,,,,,,,,,,,,,,,,,,,,,,,,,,,,,,,,,,,,,,,,,,,,,,,,,,,,,,,,,,,,,,,,,,,,,,,,,,,,,,,,,,,,,,,,,,,,,,,,,,,,,,,,,,,,,,,,,,,,,,,,,,,,,,,,,,,,,,,,,,,,,,,,,,,,,,,,,,,,,,,,,,,,,,,,,,,,,,,,,,,,,,,,,,,,,,,,,,,,,,,,,,,,,,,,,,,,,,,,,,,,,,,,,,,,,,,,,,,,,,,,,,,,,,,,,,,,,,,,,,,,,,,,,,,,,,,,,,,,,,,,,,,,,,,,,,,,,,,,,,,,,,,,,,,,,,,,,,,,,,,,,,,,,,,,,,,,,,,,,,,,,,,,,,,,,,,,,,,,,,,,,,,,,,,,,,,,,,,,,,,,,,,,,,,,,,,,,,,,,,,,,,,,,,,,,,,,,,,,,,,,,,,,,,,,,,,,,,,,,,,,,,,,,,,,,,,,,,,,,,,,,,,,,,,,,,,,,,,,,,,,,,,,,,,,,,,,,,,,,,,,,,,,,,,,,,,,,,,,,,,,,,,,,,,,,,,,,,,,,,,,,,,,,,,,,
Tat (101 positions),,,,,,,,,,,,,,,,,,,,,,,,,,,,,,,,,,,,,,,,,,,,,,,,,,,,,,,,,,,,,,,,,,,,,,,,,,,,,,,,,,,,,,,,,,,,,,,,,,,,,,,,,,,,,,,,,,,,,,,,,,,,,,,,,,,,,,,,,,,,,,,,,,,,,,,,,,,,,,,,,,,,,,,,,,,,,,,,,,,,,,,,,,,,,,,,,,,,,,,,,,,,,,,,,,,,,,,,,,,,,,,,,,,,,,,,,,,,,,,,,,,,,,,,,,,,,,,,,,,,,,,,,,,,,,,,,,,,,,,,,,,,,,,,,,,,,,,,,,,,,,,,,,,,,,,,,,,,,,,,,,,,,,,,,,,,,,,,,,,,,,,,,,,,,,,,,,,,,,,,,,,,,,,,,,,,,,,,,,,,,,,,,,,,,,,,,,,,,,,,,,,,,,,,,,,,,,,,,,,,,,,,,,,,,,,,,,,,,,,,,,,,,,,,,,,,,,,,,,,,,,,,,,,,,,,,,,,,,,,,,,,,,,,,,,,,,,,,,,,,,,,,,,,,,,,,,,,,,,,,,,,,,,,,,,,,,,,,,,,,,,,,,,,,,,,,,,,,,,,
Pos1,Pos2,Pos3,Pos4,Pos5,Pos6,Pos7,Pos8,Pos9,Pos10,Pos11,Pos12,Pos13,Pos14,Pos15,Pos16,Pos17,Pos18,Pos19,Pos20,Pos21,Pos22,Pos23,Pos24,Pos25,Pos26,Pos27,Pos28,Pos29,Pos30,Pos31,Pos32,Pos33,Pos34,Pos35,Pos36,Pos37,Pos38,Pos39,Pos40,Pos41,Pos42,Pos43,Pos44,Pos45,Pos46,Pos47,Pos48,Pos49,Pos50,Pos51,Pos52,Pos53,Pos54,Pos55,Pos56,Pos57,Pos58,Pos59,Pos60,Pos61,Pos62,Pos63,Pos64,Pos65,Pos66,Pos67,Pos68,Pos69,Pos70,Pos71,Pos72,Pos73,Pos74,Pos75,Pos76,Pos77,Pos78,Pos79,Pos80,Pos81,Pos82,Pos83,Pos84,Pos85,Pos86,Pos87,Pos88,Pos89,Pos90,Pos91,Pos92,Pos93,Pos94,Pos95,Pos96,Pos97,Pos98,Pos99,Pos100,Pos101,,,,,,,,,,,,,,,,,,,,,,,,,,,,,,,,,,,,,,,,,,,,,,,,,,,,,,,,,,,,,,,,,,,,,,,,,,,,,,,,,,,,,,,,,,,,,,,,,,,,,,,,,,,,,,,,,,,,,,,,,,,,,,,,,,,,,,,,,,,,,,,,,,,,,,,,,,,,,,,,,,,,,,,,,,,,,,,,,,,,,,,,,,,,,,,,,,,,,,,,,,,,,,,,,,,,,,,,,,,,,,,,,,,,,,,,,,,,,,,,,,,,,,,,,,,,,,,,,,,,,,,,,,,,,,,,,,,,,,,,,,,,,,,,,,,,,,,,,,,,,,,,,,,,,,,,,,,,,,,,,,,,,,,,,,,,,,,,,,,,,,,,,,,,,,,,,,,,,,,,,,,,,,,,,,,,,,,,,,,,,,,,,,,,,,,,,,,,,,,,,,,,,,,,,,,,,,,,,,,,,,,,,,,,,,,,,,,,,,,,,,,,,,,,,,,,,,,,,,,
0.847,0.8,0.764,0.79,0.769,0.732,0.737,0.697,0.688,0.677,0.667,0.651,0.666,0.578,0.504,0.403,0.381,0.358,0.352,0.353,0.368,0.325,0.323,0.306,0.302,0.277,0.261,0.251,0.246,0.223,0.227,0.225,0.231,0.233,0.219,0.216,0.232,0.253,0.248,0.261,0.277,0.272,0.293,0.318,0.346,0.499,0.699,0.726,0.747,0.766,0.771,0.775,0.781,0.813,0.818,0.84,0.847,0.856,0.87,0.875,0.884,0.878,0.881,0.88,0.88,0.867,0.873,0.869,0.871,0.87,0.871,0.881,0.889,0.891,0.881,0.887,0.895,0.896,0.898,0.893,0.896,0.898,0.886,0.899,0.894,0.887,0.882,0.864,0.872,0.872,0.854,0.864,0.865,0.867,0.862,0.865,0.871,0.879,0.886,0.892,0.898,,,,,,,,,,,,,,,,,,,,,,,,,,,,,,,,,,,,,,,,,,,,,,,,,,,,,,,,,,,,,,,,,,,,,,,,,,,,,,,,,,,,,,,,,,,,,,,,,,,,,,,,,,,,,,,,,,,,,,,,,,,,,,,,,,,,,,,,,,,,,,,,,,,,,,,,,,,,,,,,,,,,,,,,,,,,,,,,,,,,,,,,,,,,,,,,,,,,,,,,,,,,,,,,,,,,,,,,,,,,,,,,,,,,,,,,,,,,,,,,,,,,,,,,,,,,,,,,,,,,,,,,,,,,,,,,,,,,,,,,,,,,,,,,,,,,,,,,,,,,,,,,,,,,,,,,,,,,,,,,,,,,,,,,,,,,,,,,,,,,,,,,,,,,,,,,,,,,,,,,,,,,,,,,,,,,,,,,,,,,,,,,,,,,,,,,,,,,,,,,,,,,,,,,,,,,,,,,,,,,,,,,,,,,,,,,,,,,,,,,,,,,,,,,,,,,,,,,,,,
,,,,,,,,,,,,,,,,,,,,,,,,,,,,,,,,,,,,,,,,,,,,,,,,,,,,,,,,,,,,,,,,,,,,,,,,,,,,,,,,,,,,,,,,,,,,,,,,,,,,,,,,,,,,,,,,,,,,,,,,,,,,,,,,,,,,,,,,,,,,,,,,,,,,,,,,,,,,,,,,,,,,,,,,,,,,,,,,,,,,,,,,,,,,,,,,,,,,,,,,,,,,,,,,,,,,,,,,,,,,,,,,,,,,,,,,,,,,,,,,,,,,,,,,,,,,,,,,,,,,,,,,,,,,,,,,,,,,,,,,,,,,,,,,,,,,,,,,,,,,,,,,,,,,,,,,,,,,,,,,,,,,,,,,,,,,,,,,,,,,,,,,,,,,,,,,,,,,,,,,,,,,,,,,,,,,,,,,,,,,,,,,,,,,,,,,,,,,,,,,,,,,,,,,,,,,,,,,,,,,,,,,,,,,,,,,,,,,,,,,,,,,,,,,,,,,,,,,,,,,,,,,,,,,,,,,,,,,,,,,,,,,,,,,,,,,,,,,,,,,,,,,,,,,,,,,,,,,,,,,,,,,,,,,,,,,,,,,,,,,,,,,,,,,,,,,,,,,,,,
Rev (116 positions),,,,,,,,,,,,,,,,,,,,,,,,,,,,,,,,,,,,,,,,,,,,,,,,,,,,,,,,,,,,,,,,,,,,,,,,,,,,,,,,,,,,,,,,,,,,,,,,,,,,,,,,,,,,,,,,,,,,,,,,,,,,,,,,,,,,,,,,,,,,,,,,,,,,,,,,,,,,,,,,,,,,,,,,,,,,,,,,,,,,,,,,,,,,,,,,,,,,,,,,,,,,,,,,,,,,,,,,,,,,,,,,,,,,,,,,,,,,,,,,,,,,,,,,,,,,,,,,,,,,,,,,,,,,,,,,,,,,,,,,,,,,,,,,,,,,,,,,,,,,,,,,,,,,,,,,,,,,,,,,,,,,,,,,,,,,,,,,,,,,,,,,,,,,,,,,,,,,,,,,,,,,,,,,,,,,,,,,,,,,,,,,,,,,,,,,,,,,,,,,,,,,,,,,,,,,,,,,,,,,,,,,,,,,,,,,,,,,,,,,,,,,,,,,,,,,,,,,,,,,,,,,,,,,,,,,,,,,,,,,,,,,,,,,,,,,,,,,,,,,,,,,,,,,,,,,,,,,,,,,,,,,,,,,,,,,,,,,,,,,,,,,,,,,,,,,,,,,,,,
Pos1,Pos2,Pos3,Pos4,Pos5,Pos6,Pos7,Pos8,Pos9,Pos10,Pos11,Pos12,Pos13,Pos14,Pos15,Pos16,Pos17,Pos18,Pos19,Pos20,Pos21,Pos22,Pos23,Pos24,Pos25,Pos26,Pos27,Pos28,Pos29,Pos30,Pos31,Pos32,Pos33,Pos34,Pos35,Pos36,Pos37,Pos38,Pos39,Pos40,Pos41,Pos42,Pos43,Pos44,Pos45,Pos46,Pos47,Pos48,Pos49,Pos50,Pos51,Pos52,Pos53,Pos54,Pos55,Pos56,Pos57,Pos58,Pos59,Pos60,Pos61,Pos62,Pos63,Pos64,Pos65,Pos66,Pos67,Pos68,Pos69,Pos70,Pos71,Pos72,Pos73,Pos74,Pos75,Pos76,Pos77,Pos78,Pos79,Pos80,Pos81,Pos82,Pos83,Pos84,Pos85,Pos86,Pos87,Pos88,Pos89,Pos90,Pos91,Pos92,Pos93,Pos94,Pos95,Pos96,Pos97,Pos98,Pos99,Pos100,Pos101,Pos102,Pos103,Pos104,Pos105,Pos106,Pos107,Pos108,Pos109,Pos110,Pos111,Pos112,Pos113,Pos114,Pos115,Pos116,,,,,,,,,,,,,,,,,,,,,,,,,,,,,,,,,,,,,,,,,,,,,,,,,,,,,,,,,,,,,,,,,,,,,,,,,,,,,,,,,,,,,,,,,,,,,,,,,,,,,,,,,,,,,,,,,,,,,,,,,,,,,,,,,,,,,,,,,,,,,,,,,,,,,,,,,,,,,,,,,,,,,,,,,,,,,,,,,,,,,,,,,,,,,,,,,,,,,,,,,,,,,,,,,,,,,,,,,,,,,,,,,,,,,,,,,,,,,,,,,,,,,,,,,,,,,,,,,,,,,,,,,,,,,,,,,,,,,,,,,,,,,,,,,,,,,,,,,,,,,,,,,,,,,,,,,,,,,,,,,,,,,,,,,,,,,,,,,,,,,,,,,,,,,,,,,,,,,,,,,,,,,,,,,,,,,,,,,,,,,,,,,,,,,,,,,,,,,,,,,,,,,,,,,,,,,,,,,,,,,,,,,,,,,,,,,,,,,,,,,,,,
0.802,0.787,0.774,0.765,0.75,0.726,0.693,0.681,0.622,0.555,0.374,0.356,0.345,0.334,0.339,0.35,0.343,0.345,0.337,0.319,0.404,0.563,0.568,0.589,0.665,0.672,0.699,0.719,0.748,0.774,0.789,0.799,0.808,0.811,0.807,0.8,0.787,0.769,0.758,0.75,0.75,0.741,0.73,0.709,0.701,0.704,0.69,0.684,0.67,0.664,0.648,0.424,0.416,0.406,0.289,0.322,0.319,0.314,0.321,0.323,0.329,0.325,0.34,0.339,0.351,0.346,0.358,0.345,0.353,0.49,0.557,0.437,0.434,0.363,0.367,0.413,0.415,0.336,0.416,0.408,0.472,0.537,0.557,0.57,0.581,0.592,0.656,0.65,0.689,0.705,0.713,0.729,0.736,0.743,0.744,0.74,0.736,0.724,0.705,0.721,0.711,0.749,0.748,0.744,0.748,0.736,0.722,0.734,0.741,0.789,0.772,0.801,0.816,0.824,0.833,0.828,,,,,,,,,,,,,,,,,,,,,,,,,,,,,,,,,,,,,,,,,,,,,,,,,,,,,,,,,,,,,,,,,,,,,,,,,,,,,,,,,,,,,,,,,,,,,,,,,,,,,,,,,,,,,,,,,,,,,,,,,,,,,,,,,,,,,,,,,,,,,,,,,,,,,,,,,,,,,,,,,,,,,,,,,,,,,,,,,,,,,,,,,,,,,,,,,,,,,,,,,,,,,,,,,,,,,,,,,,,,,,,,,,,,,,,,,,,,,,,,,,,,,,,,,,,,,,,,,,,,,,,,,,,,,,,,,,,,,,,,,,,,,,,,,,,,,,,,,,,,,,,,,,,,,,,,,,,,,,,,,,,,,,,,,,,,,,,,,,,,,,,,,,,,,,,,,,,,,,,,,,,,,,,,,,,,,,,,,,,,,,,,,,,,,,,,,,,,,,,,,,,,,,,,,,,,,,,,,,,,,,,,,,,,,,,,,,,,,,,,,,,,
,,,,,,,,,,,,,,,,,,,,,,,,,,,,,,,,,,,,,,,,,,,,,,,,,,,,,,,,,,,,,,,,,,,,,,,,,,,,,,,,,,,,,,,,,,,,,,,,,,,,,,,,,,,,,,,,,,,,,,,,,,,,,,,,,,,,,,,,,,,,,,,,,,,,,,,,,,,,,,,,,,,,,,,,,,,,,,,,,,,,,,,,,,,,,,,,,,,,,,,,,,,,,,,,,,,,,,,,,,,,,,,,,,,,,,,,,,,,,,,,,,,,,,,,,,,,,,,,,,,,,,,,,,,,,,,,,,,,,,,,,,,,,,,,,,,,,,,,,,,,,,,,,,,,,,,,,,,,,,,,,,,,,,,,,,,,,,,,,,,,,,,,,,,,,,,,,,,,,,,,,,,,,,,,,,,,,,,,,,,,,,,,,,,,,,,,,,,,,,,,,,,,,,,,,,,,,,,,,,,,,,,,,,,,,,,,,,,,,,,,,,,,,,,,,,,,,,,,,,,,,,,,,,,,,,,,,,,,,,,,,,,,,,,,,,,,,,,,,,,,,,,,,,,,,,,,,,,,,,,,,,,,,,,,,,,,,,,,,,,,,,,,,,,,,,,,,,,,,,,
Vpu (82 positions),,,,,,,,,,,,,,,,,,,,,,,,,,,,,,,,,,,,,,,,,,,,,,,,,,,,,,,,,,,,,,,,,,,,,,,,,,,,,,,,,,,,,,,,,,,,,,,,,,,,,,,,,,,,,,,,,,,,,,,,,,,,,,,,,,,,,,,,,,,,,,,,,,,,,,,,,,,,,,,,,,,,,,,,,,,,,,,,,,,,,,,,,,,,,,,,,,,,,,,,,,,,,,,,,,,,,,,,,,,,,,,,,,,,,,,,,,,,,,,,,,,,,,,,,,,,,,,,,,,,,,,,,,,,,,,,,,,,,,,,,,,,,,,,,,,,,,,,,,,,,,,,,,,,,,,,,,,,,,,,,,,,,,,,,,,,,,,,,,,,,,,,,,,,,,,,,,,,,,,,,,,,,,,,,,,,,,,,,,,,,,,,,,,,,,,,,,,,,,,,,,,,,,,,,,,,,,,,,,,,,,,,,,,,,,,,,,,,,,,,,,,,,,,,,,,,,,,,,,,,,,,,,,,,,,,,,,,,,,,,,,,,,,,,,,,,,,,,,,,,,,,,,,,,,,,,,,,,,,,,,,,,,,,,,,,,,,,,,,,,,,,,,,,,,,,,,,,,,,,
Pos1,Pos2,Pos3,Pos4,Pos5,Pos6,Pos7,Pos8,Pos9,Pos10,Pos11,Pos12,Pos13,Pos14,Pos15,Pos16,Pos17,Pos18,Pos19,Pos20,Pos21,Pos22,Pos23,Pos24,Pos25,Pos26,Pos27,Pos28,Pos29,Pos30,Pos31,Pos32,Pos33,Pos34,Pos35,Pos36,Pos37,Pos38,Pos39,Pos40,Pos41,Pos42,Pos43,Pos44,Pos45,Pos46,Pos47,Pos48,Pos49,Pos50,Pos51,Pos52,Pos53,Pos54,Pos55,Pos56,Pos57,Pos58,Pos59,Pos60,Pos61,Pos62,Pos63,Pos64,Pos65,Pos66,Pos67,Pos68,Pos69,Pos70,Pos71,Pos72,Pos73,Pos74,Pos75,Pos76,Pos77,Pos78,Pos79,Pos80,Pos81,Pos82,,,,,,,,,,,,,,,,,,,,,,,,,,,,,,,,,,,,,,,,,,,,,,,,,,,,,,,,,,,,,,,,,,,,,,,,,,,,,,,,,,,,,,,,,,,,,,,,,,,,,,,,,,,,,,,,,,,,,,,,,,,,,,,,,,,,,,,,,,,,,,,,,,,,,,,,,,,,,,,,,,,,,,,,,,,,,,,,,,,,,,,,,,,,,,,,,,,,,,,,,,,,,,,,,,,,,,,,,,,,,,,,,,,,,,,,,,,,,,,,,,,,,,,,,,,,,,,,,,,,,,,,,,,,,,,,,,,,,,,,,,,,,,,,,,,,,,,,,,,,,,,,,,,,,,,,,,,,,,,,,,,,,,,,,,,,,,,,,,,,,,,,,,,,,,,,,,,,,,,,,,,,,,,,,,,,,,,,,,,,,,,,,,,,,,,,,,,,,,,,,,,,,,,,,,,,,,,,,,,,,,,,,,,,,,,,,,,,,,,,,,,,,,,,,,,,,,,,,,,,,,,,,,,,,,,,,,,,,,
0.73,0.584,0.463,0.336,0.343,0.311,0.277,0.225,0.244,0.216,0.202,0.192,0.187,0.182,0.173,0.163,0.153,0.151,0.15,0.147,0.145,0.143,0.141,0.142,0.139,0.14,0.141,0.146,0.153,0.163,0.164,0.179,0.189,0.206,0.209,0.227,0.227,0.233,0.246,0.256,0.259,0.266,0.283,0.315,0.358,0.4,0.433,0.605,0.634,0.662,0.676,0.711,0.733,0.75,0.758,0.76,0.761,0.755,0.742,0.729,0.716,0.706,0.691,0.675,0.672,0.561,0.479,0.546,0.508,0.505,0.499,0.393,0.496,0.63,0.66,0.669,0.684,0.696,0.704,0.698,0.723,0.708,,,,,,,,,,,,,,,,,,,,,,,,,,,,,,,,,,,,,,,,,,,,,,,,,,,,,,,,,,,,,,,,,,,,,,,,,,,,,,,,,,,,,,,,,,,,,,,,,,,,,,,,,,,,,,,,,,,,,,,,,,,,,,,,,,,,,,,,,,,,,,,,,,,,,,,,,,,,,,,,,,,,,,,,,,,,,,,,,,,,,,,,,,,,,,,,,,,,,,,,,,,,,,,,,,,,,,,,,,,,,,,,,,,,,,,,,,,,,,,,,,,,,,,,,,,,,,,,,,,,,,,,,,,,,,,,,,,,,,,,,,,,,,,,,,,,,,,,,,,,,,,,,,,,,,,,,,,,,,,,,,,,,,,,,,,,,,,,,,,,,,,,,,,,,,,,,,,,,,,,,,,,,,,,,,,,,,,,,,,,,,,,,,,,,,,,,,,,,,,,,,,,,,,,,,,,,,,,,,,,,,,,,,,,,,,,,,,,,,,,,,,,,,,,,,,,,,,,,,,,,,,,,,,,,,,,,,,,,,
,,,,,,,,,,,,,,,,,,,,,,,,,,,,,,,,,,,,,,,,,,,,,,,,,,,,,,,,,,,,,,,,,,,,,,,,,,,,,,,,,,,,,,,,,,,,,,,,,,,,,,,,,,,,,,,,,,,,,,,,,,,,,,,,,,,,,,,,,,,,,,,,,,,,,,,,,,,,,,,,,,,,,,,,,,,,,,,,,,,,,,,,,,,,,,,,,,,,,,,,,,,,,,,,,,,,,,,,,,,,,,,,,,,,,,,,,,,,,,,,,,,,,,,,,,,,,,,,,,,,,,,,,,,,,,,,,,,,,,,,,,,,,,,,,,,,,,,,,,,,,,,,,,,,,,,,,,,,,,,,,,,,,,,,,,,,,,,,,,,,,,,,,,,,,,,,,,,,,,,,,,,,,,,,,,,,,,,,,,,,,,,,,,,,,,,,,,,,,,,,,,,,,,,,,,,,,,,,,,,,,,,,,,,,,,,,,,,,,,,,,,,,,,,,,,,,,,,,,,,,,,,,,,,,,,,,,,,,,,,,,,,,,,,,,,,,,,,,,,,,,,,,,,,,,,,,,,,,,,,,,,,,,,,,,,,,,,,,,,,,,,,,,,,,,,,,,,,,,,,
GP120 (481 positions),,,,,,,,,,,,,,,,,,,,,,,,,,,,,,,,,,,,,,,,,,,,,,,,,,,,,,,,,,,,,,,,,,,,,,,,,,,,,,,,,,,,,,,,,,,,,,,,,,,,,,,,,,,,,,,,,,,,,,,,,,,,,,,,,,,,,,,,,,,,,,,,,,,,,,,,,,,,,,,,,,,,,,,,,,,,,,,,,,,,,,,,,,,,,,,,,,,,,,,,,,,,,,,,,,,,,,,,,,,,,,,,,,,,,,,,,,,,,,,,,,,,,,,,,,,,,,,,,,,,,,,,,,,,,,,,,,,,,,,,,,,,,,,,,,,,,,,,,,,,,,,,,,,,,,,,,,,,,,,,,,,,,,,,,,,,,,,,,,,,,,,,,,,,,,,,,,,,,,,,,,,,,,,,,,,,,,,,,,,,,,,,,,,,,,,,,,,,,,,,,,,,,,,,,,,,,,,,,,,,,,,,,,,,,,,,,,,,,,,,,,,,,,,,,,,,,,,,,,,,,,,,,,,,,,,,,,,,,,,,,,,,,,,,,,,,,,,,,,,,,,,,,,,,,,,,,,,,,,,,,,,,,,,,,,,,,,,,,,,,,,,,,,,,,,,,,,,,,,,
Pos1,Pos2,Pos3,Pos4,Pos5,Pos6,Pos7,Pos8,Pos9,Pos10,Pos11,Pos12,Pos13,Pos14,Pos15,Pos16,Pos17,Pos18,Pos19,Pos20,Pos21,Pos22,Pos23,Pos24,Pos25,Pos26,Pos27,Pos28,Pos29,Pos30,Pos31,Pos32,Pos33,Pos34,Pos35,Pos36,Pos37,Pos38,Pos39,Pos40,Pos41,Pos42,Pos43,Pos44,Pos45,Pos46,Pos47,Pos48,Pos49,Pos50,Pos51,Pos52,Pos53,Pos54,Pos55,Pos56,Pos57,Pos58,Pos59,Pos60,Pos61,Pos62,Pos63,Pos64,Pos65,Pos66,Pos67,Pos68,Pos69,Pos70,Pos71,Pos72,Pos73,Pos74,Pos75,Pos76,Pos77,Pos78,Pos79,Pos80,Pos81,Pos82,Pos83,Pos84,Pos85,Pos86,Pos87,Pos88,Pos89,Pos90,Pos91,Pos92,Pos93,Pos94,Pos95,Pos96,Pos97,Pos98,Pos99,Pos100,Pos101,Pos102,Pos103,Pos104,Pos105,Pos106,Pos107,Pos108,Pos109,Pos110,Pos111,Pos112,Pos113,Pos114,Pos115,Pos116,Pos117,Pos118,Pos119,Pos120,Pos121,Pos122,Pos123,Pos124,Pos125,Pos126,Pos127,Pos128,Pos129,Pos130,Pos131,Pos132,Pos133,Pos134,Pos135,Pos136,Pos137,Pos138,Pos139,Pos140,Pos141,Pos142,Pos143,Pos144,Pos145,Pos146,Pos147,Pos148,Pos149,Pos150,Pos151,Pos152,Pos153,Pos154,Pos155,Pos156,Pos157,Pos158,Pos159,Pos160,Pos161,Pos162,Pos163,Pos164,Pos165,Pos166,Pos167,Pos168,Pos169,Pos170,Pos171,Pos172,Pos173,Pos174,Pos175,Pos176,Pos177,Pos178,Pos179,Pos180,Pos181,Pos182,Pos183,Pos184,Pos185,Pos186,Pos187,Pos188,Pos189,Pos190,Pos191,Pos192,Pos193,Pos194,Pos195,Pos196,Pos197,Pos198,Pos199,Pos200,Pos201,Pos202,Pos203,Pos204,Pos205,Pos206,Pos207,Pos208,Pos209,Pos210,Pos211,Pos212,Pos213,Pos214,Pos215,Pos216,Pos217,Pos218,Pos219,Pos220,Pos221,Pos222,Pos223,Pos224,Pos225,Pos226,Pos227,Pos228,Pos229,Pos230,Pos231,Pos232,Pos233,Pos234,Pos235,Pos236,Pos237,Pos238,Pos239,Pos240,Pos241,Pos242,Pos243,Pos244,Pos245,Pos246,Pos247,Pos248,Pos249,Pos250,Pos251,Pos252,Pos253,Pos254,Pos255,Pos256,Pos257,Pos258,Pos259,Pos260,Pos261,Pos262,Pos263,Pos264,Pos265,Pos266,Pos267,Pos268,Pos269,Pos270,Pos271,Pos272,Pos273,Pos274,Pos275,Pos276,Pos277,Pos278,Pos279,Pos280,Pos281,Pos282,Pos283,Pos284,Pos285,Pos286,Pos287,Pos288,Pos289,Pos290,Pos291,Pos292,Pos293,Pos294,Pos295,Pos296,Pos297,Pos298,Pos299,Pos300,Pos301,Pos302,Pos303,Pos304,Pos305,Pos306,Pos307,Pos308,Pos309,Pos310,Pos311,Pos312,Pos313,Pos314,Pos315,Pos316,Pos317,Pos318,Pos319,Pos320,Pos321,Pos322,Pos323,Pos324,Pos325,Pos326,Pos327,Pos328,Pos329,Pos330,Pos331,Pos332,Pos333,Pos334,Pos335,Pos336,Pos337,Pos338,Pos339,Pos340,Pos341,Pos342,Pos343,Pos344,Pos345,Pos346,Pos347,Pos348,Pos349,Pos350,Pos351,Pos352,Pos353,Pos354,Pos355,Pos356,Pos357,Pos358,Pos359,Pos360,Pos361,Pos362,Pos363,Pos364,Pos365,Pos366,Pos367,Pos368,Pos369,Pos370,Pos371,Pos372,Pos373,Pos374,Pos375,Pos376,Pos377,Pos378,Pos379,Pos380,Pos381,Pos382,Pos383,Pos384,Pos385,Pos386,Pos387,Pos388,Pos389,Pos390,Pos391,Pos392,Pos393,Pos394,Pos395,Pos396,Pos397,Pos398,Pos399,Pos400,Pos401,Pos402,Pos403,Pos404,Pos405,Pos406,Pos407,Pos408,Pos409,Pos410,Pos411,Pos412,Pos413,Pos414,Pos415,Pos416,Pos417,Pos418,Pos419,Pos420,Pos421,Pos422,Pos423,Pos424,Pos425,Pos426,Pos427,Pos428,Pos429,Pos430,Pos431,Pos432,Pos433,Pos434,Pos435,Pos436,Pos437,Pos438,Pos439,Pos440,Pos441,Pos442,Pos443,Pos444,Pos445,Pos446,Pos447,Pos448,Pos449,Pos450,Pos451,Pos452,Pos453,Pos454,Pos455,Pos456,Pos457,Pos458,Pos459,Pos460,Pos461,Pos462,Pos463,Pos464,Pos465,Pos466,Pos467,Pos468,Pos469,Pos470,Pos471,Pos472,Pos473,Pos474,Pos475,Pos476,Pos477,Pos478,Pos479,Pos480,Pos481,Pos482,,,,,,,,,,,,,,,,,,,,,,,,,,,,,,,,,,,,,,,,,,,,,,,,,,,,,,,,,,,,,,,,,,,,,,,,,,,,,,
0.551,0.342,0.31,0.265,0.217,0.195,0.178,0.18,0.171,0.171,0.173,0.175,0.169,0.169,0.18,0.187,0.191,0.194,0.193,0.197,0.205,0.201,0.22,0.226,0.234,0.251,0.252,0.252,0.271,0.27,0.264,0.271,0.259,0.267,0.254,0.246,0.25,0.244,0.247,0.254,0.263,0.276,0.287,0.296,0.306,0.32,0.321,0.327,0.332,0.332,0.333,0.329,0.317,0.318,0.319,0.312,0.307,0.297,0.289,0.275,0.276,0.277,0.271,0.28,0.28,0.284,0.289,0.287,0.289,0.287,0.277,0.271,0.254,0.256,0.248,0.249,0.245,0.242,0.24,0.23,0.223,0.223,0.219,0.217,0.232,0.226,0.227,0.22,0.228,0.233,0.229,0.229,0.223,0.229,0.226,0.215,0.229,0.227,0.229,0.237,0.255,0.259,0.278,0.308,0.317,0.422,0.447,0.557,0.577,0.665,0.674,0.674,0.675,0.687,0.687,0.672,0.599,0.561,0.478,0.487,0.388,0.309,0.293,0.287,0.304,0.287,0.282,0.284,0.298,0.294,0.288,0.287,0.283,0.281,0.268,0.267,0.249,0.238,0.228,0.214,0.208,0.201,0.196,0.188,0.184,0.184,0.19,0.197,0.202,0.207,0.216,0.223,0.232,0.24,0.248,0.249,0.238,0.231,0.226,0.212,0.212,0.213,0.205,0.203,0.199,0.197,0.195,0.195,0.194,0.195,0.197,0.202,0.2,0.207,0.205,0.203,0.204,0.207,0.2,0.196,0.194,0.19,0.187,0.18,0.186,0.175,0.174,0.172,0.173,0.176,0.18,0.183,0.196,0.202,0.211,0.225,0.233,0.244,0.258,0.27,0.269,0.267,0.274,0.276,0.277,0.274,0.267,0.262,0.256,0.257,0.247,0.245,0.239,0.233,0.233,0.223,0.229,0.222,0.227,0.216,0.22,0.224,0.214,0.218,0.229,0.234,0.231,0.237,0.242,0.241,0.246,0.256,0.256,0.252,0.25,0.253,0.257,0.255,0.259,0.256,0.253,0.251,0.254,0.249,0.25,0.248,0.241,0.237,0.232,0.233,0.225,0.223,0.219,0.222,0.217,0.221,0.228,0.227,0.234,0.243,0.252,0.262,0.263,0.276,0.288,0.286,0.299,0.297,0.307,0.312,0.339,0.332,0.361,0.358,0.313,0.306,0.314,0.297,0.285,0.275,0.271,0.28,0.267,0.25,0.25,0.243,0.242,0.237,0.235,0.229,0.225,0.235,0.232,0.23,0.227,0.226,0.219,0.222,0.229,0.234,0.235,0.234,0.232,0.228,0.229,0.229,0.231,0.23,0.232,0.235,0.237,0.242,0.245,0.254,0.264,0.266,0.268,0.273,0.276,0.278,0.279,0.283,0.287,0.289,0.296,0.302,0.296,0.278,0.304,0.309,0.302,0.301,0.282,0.284,0.268,0.269,0.276,0.269,0.251,0.233,0.225,0.221,0.217,0.216,0.204,0.196,0.194,0.198,0.199,0.2,0.198,0.203,0.211,0.22,0.23,0.239,0.252,0.257,0.278,0.328,0.345,0.36,0.383,0.391,0.394,0.403,0.434,0.435,0.38,0.384,0.396,0.39,0.384,0.464,0.394,0.389,0.388,0.381,0.38,0.372,0.378,0.357,0.346,0.332,0.317,0.257,0.235,0.248,0.236,0.225,0.218,0.217,0.218,0.221,0.221,0.229,0.226,0.232,0.235,0.242,0.244,0.251,0.25,0.261,0.265,0.269,0.267,0.27,0.274,0.28,0.282,0.288,0.298,0.305,0.306,0.297,0.307,0.374,0.373,0.373,0.391,0.39,0.349,0.352,0.347,0.346,0.348,0.335,0.427,0.505,0.528,0.455,0.488,0.481,0.49,0.405,0.413,0.408,0.405,0.404,0.402,0.412,0.415,0.418,0.424,0.434,0.379,0.365,0.363,0.365,0.343,0.339,0.336,0.33,0.331,0.348,0.37,0.406,0.375,0.381,0.408,0.416,0.428,0.436,0.444,0.465,0.52,0.479,0.552,0.352,0.424,0.421,0.443,0.491,0.506,0.523,0.524,0.539,0.56,0.38,0.376,0.382,,,,,,,,,,,,,,,,,,,,,,,,,,,,,,,,,,,,,,,,,,,,,,,,,,,,,,,,,,,,,,,,,,,,,,,,,,,,,,
,,,,,,,,,,,,,,,,,,,,,,,,,,,,,,,,,,,,,,,,,,,,,,,,,,,,,,,,,,,,,,,,,,,,,,,,,,,,,,,,,,,,,,,,,,,,,,,,,,,,,,,,,,,,,,,,,,,,,,,,,,,,,,,,,,,,,,,,,,,,,,,,,,,,,,,,,,,,,,,,,,,,,,,,,,,,,,,,,,,,,,,,,,,,,,,,,,,,,,,,,,,,,,,,,,,,,,,,,,,,,,,,,,,,,,,,,,,,,,,,,,,,,,,,,,,,,,,,,,,,,,,,,,,,,,,,,,,,,,,,,,,,,,,,,,,,,,,,,,,,,,,,,,,,,,,,,,,,,,,,,,,,,,,,,,,,,,,,,,,,,,,,,,,,,,,,,,,,,,,,,,,,,,,,,,,,,,,,,,,,,,,,,,,,,,,,,,,,,,,,,,,,,,,,,,,,,,,,,,,,,,,,,,,,,,,,,,,,,,,,,,,,,,,,,,,,,,,,,,,,,,,,,,,,,,,,,,,,,,,,,,,,,,,,,,,,,,,,,,,,,,,,,,,,,,,,,,,,,,,,,,,,,,,,,,,,,,,,,,,,,,,,,,,,,,,,,,,,,,,
GP41 (345 positions),,,,,,,,,,,,,,,,,,,,,,,,,,,,,,,,,,,,,,,,,,,,,,,,,,,,,,,,,,,,,,,,,,,,,,,,,,,,,,,,,,,,,,,,,,,,,,,,,,,,,,,,,,,,,,,,,,,,,,,,,,,,,,,,,,,,,,,,,,,,,,,,,,,,,,,,,,,,,,,,,,,,,,,,,,,,,,,,,,,,,,,,,,,,,,,,,,,,,,,,,,,,,,,,,,,,,,,,,,,,,,,,,,,,,,,,,,,,,,,,,,,,,,,,,,,,,,,,,,,,,,,,,,,,,,,,,,,,,,,,,,,,,,,,,,,,,,,,,,,,,,,,,,,,,,,,,,,,,,,,,,,,,,,,,,,,,,,,,,,,,,,,,,,,,,,,,,,,,,,,,,,,,,,,,,,,,,,,,,,,,,,,,,,,,,,,,,,,,,,,,,,,,,,,,,,,,,,,,,,,,,,,,,,,,,,,,,,,,,,,,,,,,,,,,,,,,,,,,,,,,,,,,,,,,,,,,,,,,,,,,,,,,,,,,,,,,,,,,,,,,,,,,,,,,,,,,,,,,,,,,,,,,,,,,,,,,,,,,,,,,,,,,,,,,,,,,,,,,,,
Pos1,Pos2,Pos3,Pos4,Pos5,Pos6,Pos7,Pos8,Pos9,Pos10,Pos11,Pos12,Pos13,Pos14,Pos15,Pos16,Pos17,Pos18,Pos19,Pos20,Pos21,Pos22,Pos23,Pos24,Pos25,Pos26,Pos27,Pos28,Pos29,Pos30,Pos31,Pos32,Pos33,Pos34,Pos35,Pos36,Pos37,Pos38,Pos39,Pos40,Pos41,Pos42,Pos43,Pos44,Pos45,Pos46,Pos47,Pos48,Pos49,Pos50,Pos51,Pos52,Pos53,Pos54,Pos55,Pos56,Pos57,Pos58,Pos59,Pos60,Pos61,Pos62,Pos63,Pos64,Pos65,Pos66,Pos67,Pos68,Pos69,Pos70,Pos71,Pos72,Pos73,Pos74,Pos75,Pos76,Pos77,Pos78,Pos79,Pos80,Pos81,Pos82,Pos83,Pos84,Pos85,Pos86,Pos87,Pos88,Pos89,Pos90,Pos91,Pos92,Pos93,Pos94,Pos95,Pos96,Pos97,Pos98,Pos99,Pos100,Pos101,Pos102,Pos103,Pos104,Pos105,Pos106,Pos107,Pos108,Pos109,Pos110,Pos111,Pos112,Pos113,Pos114,Pos115,Pos116,Pos117,Pos118,Pos119,Pos120,Pos121,Pos122,Pos123,Pos124,Pos125,Pos126,Pos127,Pos128,Pos129,Pos130,Pos131,Pos132,Pos133,Pos134,Pos135,Pos136,Pos137,Pos138,Pos139,Pos140,Pos141,Pos142,Pos143,Pos144,Pos145,Pos146,Pos147,Pos148,Pos149,Pos150,Pos151,Pos152,Pos153,Pos154,Pos155,Pos156,Pos157,Pos158,Pos159,Pos160,Pos161,Pos162,Pos163,Pos164,Pos165,Pos166,Pos167,Pos168,Pos169,Pos170,Pos171,Pos172,Pos173,Pos174,Pos175,Pos176,Pos177,Pos178,Pos179,Pos180,Pos181,Pos182,Pos183,Pos184,Pos185,Pos186,Pos187,Pos188,Pos189,Pos190,Pos191,Pos192,Pos193,Pos194,Pos195,Pos196,Pos197,Pos198,Pos199,Pos200,Pos201,Pos202,Pos203,Pos204,Pos205,Pos206,Pos207,Pos208,Pos209,Pos210,Pos211,Pos212,Pos213,Pos214,Pos215,Pos216,Pos217,Pos218,Pos219,Pos220,Pos221,Pos222,Pos223,Pos224,Pos225,Pos226,Pos227,Pos228,Pos229,Pos230,Pos231,Pos232,Pos233,Pos234,Pos235,Pos236,Pos237,Pos238,Pos239,Pos240,Pos241,Pos242,Pos243,Pos244,Pos245,Pos246,Pos247,Pos248,Pos249,Pos250,Pos251,Pos252,Pos253,Pos254,Pos255,Pos256,Pos257,Pos258,Pos259,Pos260,Pos261,Pos262,Pos263,Pos264,Pos265,Pos266,Pos267,Pos268,Pos269,Pos270,Pos271,Pos272,Pos273,Pos274,Pos275,Pos276,Pos277,Pos278,Pos279,Pos280,Pos281,Pos282,Pos283,Pos284,Pos285,Pos286,Pos287,Pos288,Pos289,Pos290,Pos291,Pos292,Pos293,Pos294,Pos295,Pos296,Pos297,Pos298,Pos299,Pos300,Pos301,Pos302,Pos303,Pos304,Pos305,Pos306,Pos307,Pos308,Pos309,Pos310,Pos311,Pos312,Pos313,Pos314,Pos315,Pos316,Pos317,Pos318,Pos319,Pos320,Pos321,Pos322,Pos323,Pos324,Pos325,Pos326,Pos327,Pos328,Pos329,Pos330,Pos331,Pos332,Pos333,Pos334,Pos335,Pos336,Pos337,Pos338,Pos339,Pos340,Pos341,Pos342,Pos343,Pos344,Pos345,,,,,,,,,,,,,,,,,,,,,,,,,,,,,,,,,,,,,,,,,,,,,,,,,,,,,,,,,,,,,,,,,,,,,,,,,,,,,,,,,,,,,,,,,,,,,,,,,,,,,,,,,,,,,,,,,,,,,,,,,,,,,,,,,,,,,,,,,,,,,,,,,,,,,,,,,,,,,,,,,,,,,,,,,,,,,,,,,,,,,,,,,,,,,,,,,,,,,,,,,,,,,,,,,,,,,,,
0.587,0.611,0.337,0.279,0.312,0.286,0.265,0.257,0.247,0.244,0.248,0.26,0.273,0.284,0.296,0.308,0.308,0.302,0.303,0.304,0.301,0.3,0.318,0.303,0.29,0.275,0.266,0.252,0.241,0.233,0.225,0.218,0.218,0.224,0.23,0.235,0.235,0.237,0.236,0.239,0.239,0.242,0.239,0.244,0.251,0.25,0.248,0.244,0.238,0.229,0.218,0.204,0.186,0.17,0.156,0.147,0.144,0.143,0.143,0.144,0.146,0.147,0.15,0.154,0.154,0.157,0.164,0.167,0.168,0.172,0.18,0.188,0.191,0.191,0.198,0.202,0.195,0.19,0.187,0.176,0.174,0.173,0.17,0.167,0.171,0.17,0.169,0.168,0.168,0.164,0.162,0.157,0.158,0.161,0.166,0.175,0.18,0.189,0.202,0.209,0.223,0.239,0.248,0.251,0.261,0.259,0.252,0.245,0.235,0.224,0.21,0.2,0.191,0.188,0.186,0.179,0.174,0.175,0.178,0.184,0.19,0.196,0.202,0.206,0.204,0.196,0.196,0.201,0.202,0.204,0.211,0.221,0.242,0.278,0.286,0.299,0.302,0.327,0.418,0.486,0.596,0.696,0.695,0.701,0.707,0.68,0.514,0.33,0.297,0.296,0.285,0.241,0.208,0.174,0.167,0.177,0.167,0.163,0.163,0.161,0.156,0.152,0.15,0.151,0.152,0.151,0.148,0.147,0.146,0.144,0.145,0.147,0.14,0.142,0.144,0.146,0.155,0.151,0.156,0.16,0.163,0.163,0.168,0.16,0.153,0.151,0.144,0.15,0.15,0.153,0.159,0.168,0.168,0.178,0.195,0.211,0.229,0.249,0.266,0.291,0.309,0.315,0.293,0.314,0.37,0.451,0.481,0.554,0.643,0.663,0.665,0.686,0.704,0.729,0.75,0.768,0.79,0.801,0.809,0.817,0.825,0.831,0.832,0.831,0.825,0.82,0.807,0.802,0.789,0.774,0.76,0.734,0.699,0.663,0.567,0.425,0.314,0.271,0.273,0.235,0.223,0.223,0.213,0.198,0.198,0.19,0.195,0.19,0.181,0.18,0.179,0.177,0.176,0.177,0.181,0.182,0.18,0.178,0.182,0.175,0.174,0.172,0.17,0.169,0.163,0.155,0.152,0.152,0.154,0.155,0.161,0.165,0.168,0.175,0.181,0.181,0.183,0.183,0.173,0.164,0.157,0.155,0.155,0.151,0.148,0.147,0.148,0.143,0.146,0.146,0.151,0.163,0.184,0.206,0.232,0.251,0.257,0.266,0.267,0.267,0.258,0.247,0.235,0.222,0.215,0.208,0.206,0.204,0.201,0.201,0.206,0.218,0.222,0.223,0.224,0.218,0.206,0.2,0.196,0.189,0.181,0.18,0.178,0.175,0.173,0.174,0.173,0.176,0.185,0.19,0.194,0.2,0.213,0.224,0.236,0.255,0.273,0.283,0.294,0.276,0.342,0.423,0.43,0.568,0.68,,,,,,,,,,,,,,,,,,,,,,,,,,,,,,,,,,,,,,,,,,,,,,,,,,,,,,,,,,,,,,,,,,,,,,,,,,,,,,,,,,,,,,,,,,,,,,,,,,,,,,,,,,,,,,,,,,,,,,,,,,,,,,,,,,,,,,,,,,,,,,,,,,,,,,,,,,,,,,,,,,,,,,,,,,,,,,,,,,,,,,,,,,,,,,,,,,,,,,,,,,,,,,,,,,,,,,,
,,,,,,,,,,,,,,,,,,,,,,,,,,,,,,,,,,,,,,,,,,,,,,,,,,,,,,,,,,,,,,,,,,,,,,,,,,,,,,,,,,,,,,,,,,,,,,,,,,,,,,,,,,,,,,,,,,,,,,,,,,,,,,,,,,,,,,,,,,,,,,,,,,,,,,,,,,,,,,,,,,,,,,,,,,,,,,,,,,,,,,,,,,,,,,,,,,,,,,,,,,,,,,,,,,,,,,,,,,,,,,,,,,,,,,,,,,,,,,,,,,,,,,,,,,,,,,,,,,,,,,,,,,,,,,,,,,,,,,,,,,,,,,,,,,,,,,,,,,,,,,,,,,,,,,,,,,,,,,,,,,,,,,,,,,,,,,,,,,,,,,,,,,,,,,,,,,,,,,,,,,,,,,,,,,,,,,,,,,,,,,,,,,,,,,,,,,,,,,,,,,,,,,,,,,,,,,,,,,,,,,,,,,,,,,,,,,,,,,,,,,,,,,,,,,,,,,,,,,,,,,,,,,,,,,,,,,,,,,,,,,,,,,,,,,,,,,,,,,,,,,,,,,,,,,,,,,,,,,,,,,,,,,,,,,,,,,,,,,,,,,,,,,,,,,,,,,,,,,,
Nef (206 positions),,,,,,,,,,,,,,,,,,,,,,,,,,,,,,,,,,,,,,,,,,,,,,,,,,,,,,,,,,,,,,,,,,,,,,,,,,,,,,,,,,,,,,,,,,,,,,,,,,,,,,,,,,,,,,,,,,,,,,,,,,,,,,,,,,,,,,,,,,,,,,,,,,,,,,,,,,,,,,,,,,,,,,,,,,,,,,,,,,,,,,,,,,,,,,,,,,,,,,,,,,,,,,,,,,,,,,,,,,,,,,,,,,,,,,,,,,,,,,,,,,,,,,,,,,,,,,,,,,,,,,,,,,,,,,,,,,,,,,,,,,,,,,,,,,,,,,,,,,,,,,,,,,,,,,,,,,,,,,,,,,,,,,,,,,,,,,,,,,,,,,,,,,,,,,,,,,,,,,,,,,,,,,,,,,,,,,,,,,,,,,,,,,,,,,,,,,,,,,,,,,,,,,,,,,,,,,,,,,,,,,,,,,,,,,,,,,,,,,,,,,,,,,,,,,,,,,,,,,,,,,,,,,,,,,,,,,,,,,,,,,,,,,,,,,,,,,,,,,,,,,,,,,,,,,,,,,,,,,,,,,,,,,,,,,,,,,,,,,,,,,,,,,,,,,,,,,,,,,,
Pos1,Pos2,Pos3,Pos4,Pos5,Pos6,Pos7,Pos8,Pos9,Pos10,Pos11,Pos12,Pos13,Pos14,Pos15,Pos16,Pos17,Pos18,Pos19,Pos20,Pos21,Pos22,Pos23,Pos24,Pos25,Pos26,Pos27,Pos28,Pos29,Pos30,Pos31,Pos32,Pos33,Pos34,Pos35,Pos36,Pos37,Pos38,Pos39,Pos40,Pos41,Pos42,Pos43,Pos44,Pos45,Pos46,Pos47,Pos48,Pos49,Pos50,Pos51,Pos52,Pos53,Pos54,Pos55,Pos56,Pos57,Pos58,Pos59,Pos60,Pos61,Pos62,Pos63,Pos64,Pos65,Pos66,Pos67,Pos68,Pos69,Pos70,Pos71,Pos72,Pos73,Pos74,Pos75,Pos76,Pos77,Pos78,Pos79,Pos80,Pos81,Pos82,Pos83,Pos84,Pos85,Pos86,Pos87,Pos88,Pos89,Pos90,Pos91,Pos92,Pos93,Pos94,Pos95,Pos96,Pos97,Pos98,Pos99,Pos100,Pos101,Pos102,Pos103,Pos104,Pos105,Pos106,Pos107,Pos108,Pos109,Pos110,Pos111,Pos112,Pos113,Pos114,Pos115,Pos116,Pos117,Pos118,Pos119,Pos120,Pos121,Pos122,Pos123,Pos124,Pos125,Pos126,Pos127,Pos128,Pos129,Pos130,Pos131,Pos132,Pos133,Pos134,Pos135,Pos136,Pos137,Pos138,Pos139,Pos140,Pos141,Pos142,Pos143,Pos144,Pos145,Pos146,Pos147,Pos148,Pos149,Pos150,Pos151,Pos152,Pos153,Pos154,Pos155,Pos156,Pos157,Pos158,Pos159,Pos160,Pos161,Pos162,Pos163,Pos164,Pos165,Pos166,Pos167,Pos168,Pos169,Pos170,Pos171,Pos172,Pos173,Pos174,Pos175,Pos176,Pos177,Pos178,Pos179,Pos180,Pos181,Pos182,Pos183,Pos184,Pos185,Pos186,Pos187,Pos188,Pos189,Pos190,Pos191,Pos192,Pos193,Pos194,Pos195,Pos196,Pos197,Pos198,Pos199,Pos200,Pos201,Pos202,Pos203,Pos204,Pos205,Pos206,,,,,,,,,,,,,,,,,,,,,,,,,,,,,,,,,,,,,,,,,,,,,,,,,,,,,,,,,,,,,,,,,,,,,,,,,,,,,,,,,,,,,,,,,,,,,,,,,,,,,,,,,,,,,,,,,,,,,,,,,,,,,,,,,,,,,,,,,,,,,,,,,,,,,,,,,,,,,,,,,,,,,,,,,,,,,,,,,,,,,,,,,,,,,,,,,,,,,,,,,,,,,,,,,,,,,,,,,,,,,,,,,,,,,,,,,,,,,,,,,,,,,,,,,,,,,,,,,,,,,,,,,,,,,,,,,,,,,,,,,,,,,,,,,,,,,,,,,,,,,,,,,,,,,,,,,,,,,,,,,,,,,,,,,,,,,,,,,,,,,,,,,,,,,,,,,,
0.831,0.837,0.84,0.812,0.78,0.781,0.751,0.746,0.716,0.689,0.668,0.67,0.597,0.518,0.511,0.585,0.58,0.584,0.592,0.596,0.591,0.59,0.587,0.643,0.632,0.585,0.632,0.626,0.615,0.565,0.562,0.551,0.547,0.539,0.536,0.463,0.456,0.451,0.45,0.495,0.539,0.568,0.536,0.531,0.533,0.569,0.565,0.559,0.479,0.398,0.383,0.371,0.369,0.367,0.362,0.351,0.349,0.354,0.343,0.356,0.36,0.368,0.371,0.385,0.381,0.382,0.388,0.375,0.36,0.36,0.342,0.334,0.343,0.329,0.307,0.291,0.292,0.28,0.269,0.259,0.247,0.237,0.229,0.22,0.218,0.211,0.219,0.216,0.212,0.221,0.224,0.239,0.229,0.211,0.225,0.257,0.257,0.261,0.257,0.249,0.242,0.235,0.223,0.2,0.19,0.179,0.166,0.161,0.152,0.144,0.145,0.149,0.143,0.142,0.137,0.136,0.14,0.145,0.15,0.157,0.178,0.175,0.196,0.213,0.227,0.225,0.248,0.227,0.231,0.23,0.224,0.219,0.202,0.175,0.169,0.154,0.144,0.146,0.142,0.142,0.145,0.146,0.15,0.164,0.179,0.205,0.216,0.238,0.27,0.322,0.325,0.347,0.385,0.564,0.565,0.577,0.569,0.562,0.571,0.562,0.551,0.548,0.543,0.473,0.461,0.461,0.453,0.458,0.383,0.402,0.411,0.428,0.428,0.418,0.366,0.356,0.355,0.322,0.31,0.298,0.29,0.274,0.266,0.267,0.274,0.273,0.268,0.272,0.268,0.267,0.271,0.285,0.282,0.291,0.296,0.32,0.325,0.331,0.332,0.355,0.372,0.406,0.526,0.544,0.662,0.673,,,,,,,,,,,,,,,,,,,,,,,,,,,,,,,,,,,,,,,,,,,,,,,,,,,,,,,,,,,,,,,,,,,,,,,,,,,,,,,,,,,,,,,,,,,,,,,,,,,,,,,,,,,,,,,,,,,,,,,,,,,,,,,,,,,,,,,,,,,,,,,,,,,,,,,,,,,,,,,,,,,,,,,,,,,,,,,,,,,,,,,,,,,,,,,,,,,,,,,,,,,,,,,,,,,,,,,,,,,,,,,,,,,,,,,,,,,,,,,,,,,,,,,,,,,,,,,,,,,,,,,,,,,,,,,,,,,,,,,,,,,,,,,,,,,,,,,,,,,,,,,,,,,,,,,,,,,,,,,,,,,,,,,,,,,,,,,,,,,,,,,,,,,,,,,,,,
